2021-12-06T13:57:25-0500,b'DATA,623,288,536,538,0,0,252,344,EOD\r\n'
2021-12-06T13:57:28-0500,b'DATA,625,288,538,540,0,0,247,323,EOD\r\n'
2021-12-06T13:57:37-0500,b'DATA,625,287,538,540,0,0,254,331,EOD\r\n'
2021-12-06T13:57:47-0500,b'DATA,625,289,537,540,0,0,247,323,EOD\r\n'
2021-12-06T13:57:57-0500,b'DATA,625,288,538,540,0,0,254,332,EOD\r\n'
2021-12-06T13:58:07-0500,b'DATA,624,288,537,539,0,0,246,320,EOD\r\n'
2021-12-06T13:58:17-0500,b'DATA,625,289,538,540,0,0,247,323,EOD\r\n'
2021-12-06T13:58:28-0500,b'DATA,626,288,539,540,0,0,253,328,EOD\r\n'
2021-12-06T13:58:37-0500,b'DATA,625,288,538,541,0,0,247,323,EOD\r\n'
2021-12-06T13:58:47-0500,b'DATA,625,289,538,540,0,0,254,332,EOD\r\n'
2021-12-06T13:58:57-0500,b'DATA,625,288,538,540,0,0,246,320,EOD\r\n'
2021-12-06T13:59:07-0500,b'DATA,626,289,539,541,0,0,248,323,EOD\r\n'
2021-12-06T13:59:18-0500,b'DATA,626,288,539,541,0,0,253,328,EOD\r\n'
2021-12-06T13:59:28-0500,b'DATA,626,288,539,541,0,0,247,323,EOD\r\n'
2021-12-06T13:59:38-0500,b'DATA,626,289,539,541,0,0,255,332,EOD\r\n'
2021-12-06T13:59:47-0500,b'DATA,626,289,539,540,0,0,247,322,EOD\r\n'
2021-12-06T13:59:57-0500,b'DATA,627,289,539,541,0,0,251,329,EOD\r\n'
2021-12-06T14:00:08-0500,b'DATA,626,289,539,540,0,0,251,323,EOD\r\n'
2021-12-06T14:00:18-0500,b'DATA,627,289,539,541,0,0,247,323,EOD\r\n'
2021-12-06T14:00:28-0500,b'DATA,626,289,539,542,0,0,248,323,EOD\r\n'
2021-12-06T14:00:38-0500,b'DATA,627,289,539,541,0,0,251,330,EOD\r\n'
2021-12-06T14:00:49-0500,b'DATA,627,289,540,541,0,0,252,324,EOD\r\n'
2021-12-06T14:00:58-0500,b'DATA,627,289,539,541,0,0,247,322,EOD\r\n'
2021-12-06T14:01:08-0500,b'DATA,626,289,539,541,0,0,253,332,EOD\r\n'
2021-12-06T14:01:18-0500,b'DATA,627,288,539,540,0,0,248,320,EOD\r\n'
2021-12-06T14:01:28-0500,b'DATA,626,289,540,541,0,0,247,322,EOD\r\n'
2021-12-06T14:01:39-0500,b'DATA,628,289,540,541,0,0,254,332,EOD\r\n'
2021-12-06T14:01:49-0500,b'DATA,627,290,540,541,0,0,248,320,EOD\r\n'
2021-12-06T14:01:59-0500,b'DATA,628,289,540,542,0,0,247,323,EOD\r\n'
2021-12-06T14:02:09-0500,b'DATA,627,289,539,541,0,0,254,332,EOD\r\n'
2021-12-06T14:02:19-0500,b'DATA,627,289,540,542,0,0,246,320,EOD\r\n'
2021-12-06T14:02:29-0500,b'DATA,628,289,540,542,0,0,250,328,EOD\r\n'
2021-12-06T14:02:39-0500,b'DATA,627,289,540,542,0,0,247,319,EOD\r\n'
2021-12-06T14:02:49-0500,b'DATA,628,290,540,542,0,0,247,323,EOD\r\n'
2021-12-06T14:02:59-0500,b'DATA,628,289,540,542,0,0,252,325,EOD\r\n'
2021-12-06T14:03:09-0500,b'DATA,627,289,540,542,0,0,247,322,EOD\r\n'
2021-12-06T14:03:19-0500,b'DATA,627,289,541,542,0,0,250,328,EOD\r\n'
2021-12-06T14:03:30-0500,b'DATA,628,289,540,542,0,0,253,327,EOD\r\n'
2021-12-06T14:03:39-0500,b'DATA,628,289,540,542,0,0,247,322,EOD\r\n'
2021-12-06T14:03:50-0500,b'DATA,627,289,540,542,0,0,247,322,EOD\r\n'
2021-12-06T14:04:00-0500,b'DATA,628,289,540,542,0,0,249,326,EOD\r\n'
2021-12-06T14:04:10-0500,b'DATA,628,290,540,542,0,0,253,332,EOD\r\n'
2021-12-06T14:04:20-0500,b'DATA,628,289,540,542,0,0,254,331,EOD\r\n'
2021-12-06T14:04:30-0500,b'DATA,628,289,540,542,0,0,254,328,EOD\r\n'
2021-12-06T14:04:40-0500,b'DATA,628,289,540,542,0,0,250,321,EOD\r\n'
2021-12-06T14:04:50-0500,b'DATA,628,290,541,542,0,0,247,321,EOD\r\n'
2021-12-06T14:05:00-0500,b'DATA,629,289,541,542,0,0,247,322,EOD\r\n'
2021-12-06T14:05:10-0500,b'DATA,629,289,541,543,0,0,247,322,EOD\r\n'
2021-12-06T14:05:21-0500,b'DATA,629,290,540,543,0,0,247,322,EOD\r\n'
2021-12-06T14:05:31-0500,b'DATA,628,290,541,543,0,0,248,324,EOD\r\n'
2021-12-06T14:05:41-0500,b'DATA,629,289,541,543,0,0,252,330,EOD\r\n'
2021-12-06T14:05:51-0500,b'DATA,628,290,541,542,0,0,254,330,EOD\r\n'
2021-12-06T14:06:01-0500,b'DATA,629,289,541,543,0,0,251,323,EOD\r\n'
2021-12-06T14:06:11-0500,b'DATA,629,289,541,543,0,0,247,319,EOD\r\n'
2021-12-06T14:06:21-0500,b'DATA,628,289,540,542,0,0,247,321,EOD\r\n'
2021-12-06T14:06:31-0500,b'DATA,629,289,541,543,0,0,248,322,EOD\r\n'
2021-12-06T14:06:41-0500,b'DATA,630,290,541,543,0,0,246,320,EOD\r\n'
2021-12-06T14:06:51-0500,b'DATA,629,290,541,543,0,0,247,319,EOD\r\n'
2021-12-06T14:07:01-0500,b'DATA,629,290,541,543,0,0,251,323,EOD\r\n'
2021-12-06T14:07:11-0500,b'DATA,629,289,541,543,0,0,253,327,EOD\r\n'
2021-12-06T14:07:21-0500,b'DATA,629,290,541,543,0,0,254,329,EOD\r\n'
2021-12-06T14:07:32-0500,b'DATA,629,290,541,543,0,0,254,329,EOD\r\n'
2021-12-06T14:07:42-0500,b'DATA,629,290,540,542,0,0,254,330,EOD\r\n'
2021-12-06T14:07:51-0500,b'DATA,630,290,541,543,0,0,254,329,EOD\r\n'
2021-12-06T14:08:02-0500,b'DATA,629,289,540,542,0,0,253,327,EOD\r\n'
2021-12-06T14:08:12-0500,b'DATA,629,290,541,543,0,0,252,325,EOD\r\n'
2021-12-06T14:08:22-0500,b'DATA,629,290,540,543,0,0,250,322,EOD\r\n'
2021-12-06T14:08:32-0500,b'DATA,629,290,541,543,0,0,248,319,EOD\r\n'
2021-12-06T14:08:42-0500,b'DATA,630,290,541,543,0,0,240,315,EOD\r\n'
2021-12-06T14:08:52-0500,b'DATA,629,290,541,543,0,0,239,316,EOD\r\n'
2021-12-06T14:09:02-0500,b'DATA,630,290,541,543,0,0,239,317,EOD\r\n'
2021-12-06T14:09:13-0500,b'DATA,629,290,541,543,0,0,246,325,EOD\r\n'
2021-12-06T14:09:22-0500,b'DATA,629,290,541,543,0,0,238,314,EOD\r\n'
2021-12-06T14:09:33-0500,b'DATA,630,290,541,543,0,0,239,317,EOD\r\n'
2021-12-06T14:28:06-0500,b'DATA,637,292,547,548,0,0,243,336,EOD\r\n'
2021-12-06T14:28:07-0500,b'DATA,637,292,547,548,0,0,238,312,EOD\r\n'
2021-12-06T14:28:17-0500,b'DATA,637,292,547,549,0,0,237,312,EOD\r\n'
2021-12-06T14:28:27-0500,b'DATA,637,293,547,548,0,0,238,317,EOD\r\n'
2021-12-06T14:28:37-0500,b'DATA,637,292,547,548,0,0,242,320,EOD\r\n'
2021-12-06T14:28:47-0500,b'DATA,637,292,547,549,0,0,241,320,EOD\r\n'
2021-12-06T14:28:57-0500,b'DATA,637,292,547,549,0,0,238,312,EOD\r\n'
2021-12-06T14:29:07-0500,b'DATA,637,291,547,549,0,0,242,322,EOD\r\n'
2021-12-06T14:29:17-0500,b'DATA,637,293,548,549,0,0,237,313,EOD\r\n'
2021-12-06T14:29:27-0500,b'DATA,637,292,547,548,0,0,242,319,EOD\r\n'
2021-12-06T14:29:38-0500,b'DATA,638,292,547,549,0,0,242,322,EOD\r\n'
2021-12-06T14:29:48-0500,b'DATA,637,293,547,549,0,0,237,314,EOD\r\n'
2021-12-06T14:29:58-0500,b'DATA,637,292,547,549,0,0,239,314,EOD\r\n'
2021-12-06T14:30:08-0500,b'DATA,638,292,548,549,0,0,243,322,EOD\r\n'
2021-12-06T14:30:18-0500,b'DATA,637,293,547,549,0,0,237,312,EOD\r\n'
2021-12-06T14:30:28-0500,b'DATA,639,292,547,549,0,0,241,320,EOD\r\n'
2021-12-06T14:30:38-0500,b'DATA,638,292,547,549,0,0,242,319,EOD\r\n'
2021-12-06T14:30:48-0500,b'DATA,638,291,548,550,0,0,241,318,EOD\r\n'
2021-12-06T14:30:58-0500,b'DATA,638,292,548,549,0,0,239,313,EOD\r\n'
2021-12-06T14:31:08-0500,b'DATA,638,292,548,550,0,0,242,321,EOD\r\n'
2021-12-06T14:31:18-0500,b'DATA,638,292,548,549,0,0,240,319,EOD\r\n'
2021-12-06T14:31:28-0500,b'DATA,638,292,548,550,0,0,238,315,EOD\r\n'
2021-12-06T14:31:38-0500,b'DATA,638,292,548,549,0,0,238,312,EOD\r\n'
2021-12-06T14:31:49-0500,b'DATA,638,292,548,550,0,0,238,312,EOD\r\n'
2021-12-06T14:31:59-0500,b'DATA,638,293,548,550,0,0,241,316,EOD\r\n'
2021-12-06T18:41:21-0500,b'DATA,441,374,481,705,0,0,243,335,EOD\r\n'
2021-12-06T18:41:22-0500,b'DATA,353,367,482,707,0,0,237,316,EOD\r\n'
2021-12-06T18:41:32-0500,b'DATA,346,355,491,687,0,0,240,321,EOD\r\n'
2021-12-06T18:41:43-0500,b'DATA,345,360,489,689,0,0,248,332,EOD\r\n'
2021-12-06T18:41:53-0500,b'DATA,359,361,480,714,0,0,254,334,EOD\r\n'
2021-12-06T18:42:03-0500,b'DATA,401,362,476,726,0,0,246,321,EOD\r\n'
2021-12-06T18:42:13-0500,b'DATA,357,364,453,745,0,0,238,311,EOD\r\n'
2021-12-06T18:42:23-0500,b'DATA,409,367,463,757,0,0,237,311,EOD\r\n'
2021-12-06T18:42:33-0500,b'DATA,400,368,469,768,0,0,237,310,EOD\r\n'
2021-12-06T18:42:43-0500,b'DATA,371,367,481,780,0,0,237,311,EOD\r\n'
2021-12-06T18:42:53-0500,b'DATA,365,367,472,788,0,0,236,310,EOD\r\n'
2021-12-06T18:43:03-0500,b'DATA,361,369,471,797,0,0,236,311,EOD\r\n'
2021-12-06T18:43:14-0500,b'DATA,406,372,467,807,0,0,237,316,EOD\r\n'
2021-12-06T18:43:24-0500,b'DATA,390,376,457,817,0,0,246,329,EOD\r\n'
2021-12-06T18:43:34-0500,b'DATA,394,376,442,827,0,0,253,331,EOD\r\n'
2021-12-06T18:43:44-0500,b'DATA,392,379,445,836,0,0,239,312,EOD\r\n'
2021-12-06T18:43:54-0500,b'DATA,397,381,446,841,0,0,236,315,EOD\r\n'
2021-12-06T18:44:04-0500,b'DATA,374,379,442,847,0,0,248,332,EOD\r\n'
2021-12-06T18:44:14-0500,b'DATA,384,379,450,843,0,0,253,332,EOD\r\n'
2021-12-06T18:44:24-0500,b'DATA,396,382,450,853,0,0,241,314,EOD\r\n'
2021-12-06T18:44:34-0500,b'DATA,376,381,444,857,0,0,236,316,EOD\r\n'
2021-12-06T18:44:44-0500,b'DATA,393,383,443,861,0,0,251,335,EOD\r\n'
2021-12-06T18:44:54-0500,b'DATA,397,388,434,865,0,0,244,318,EOD\r\n'
2021-12-06T18:45:04-0500,b'DATA,386,389,426,869,0,0,235,314,EOD\r\n'
2021-12-06T18:45:14-0500,b'DATA,387,390,426,873,0,0,252,333,EOD\r\n'
2021-12-06T18:45:24-0500,b'DATA,386,389,402,874,0,0,241,314,EOD\r\n'
2021-12-06T18:45:35-0500,b'DATA,378,390,422,875,0,0,235,313,EOD\r\n'
2021-12-06T18:45:44-0500,b'DATA,389,390,420,877,0,0,248,332,EOD\r\n'
2021-12-06T18:45:55-0500,b'DATA,396,392,418,878,0,0,247,322,EOD\r\n'
2021-12-06T18:46:05-0500,b'DATA,385,393,412,880,0,0,233,308,EOD\r\n'
2021-12-06T18:46:15-0500,b'DATA,390,396,406,881,0,0,246,329,EOD\r\n'
2021-12-06T18:46:25-0500,b'DATA,384,398,400,880,0,0,247,321,EOD\r\n'
2021-12-06T18:46:35-0500,b'DATA,396,397,399,880,0,0,233,310,EOD\r\n'
2021-12-06T18:46:45-0500,b'DATA,388,400,398,878,0,0,251,334,EOD\r\n'
2021-12-06T18:46:55-0500,b'DATA,386,401,394,878,0,0,246,320,EOD\r\n'
2021-12-06T18:47:06-0500,b'DATA,396,400,395,877,0,0,236,307,EOD\r\n'
2021-12-06T18:47:15-0500,b'DATA,388,404,389,877,0,0,233,305,EOD\r\n'
2021-12-06T18:47:25-0500,b'DATA,394,406,386,876,0,0,236,315,EOD\r\n'
2021-12-06T18:47:35-0500,b'DATA,384,406,386,874,0,0,240,320,EOD\r\n'
2021-12-06T18:47:46-0500,b'DATA,380,403,392,874,0,0,245,328,EOD\r\n'
2021-12-06T18:47:56-0500,b'DATA,390,404,391,872,0,0,252,332,EOD\r\n'
2021-12-06T18:48:06-0500,b'DATA,379,406,384,872,0,0,244,316,EOD\r\n'
2021-12-06T18:48:16-0500,b'DATA,396,409,381,872,0,0,235,314,EOD\r\n'
2021-12-06T18:48:26-0500,b'DATA,391,413,379,871,0,0,251,333,EOD\r\n'
2021-12-06T18:48:36-0500,b'DATA,390,410,374,871,0,0,247,321,EOD\r\n'
2021-12-06T18:48:46-0500,b'DATA,401,413,374,867,0,0,236,307,EOD\r\n'
2021-12-06T18:48:56-0500,b'DATA,378,410,376,862,0,0,233,310,EOD\r\n'
2021-12-06T18:49:06-0500,b'DATA,376,411,387,859,0,0,245,326,EOD\r\n'
2021-12-06T18:49:16-0500,b'DATA,378,412,380,856,0,0,247,321,EOD\r\n'
2021-12-06T18:49:27-0500,b'DATA,373,412,374,853,0,0,232,307,EOD\r\n'
2021-12-06T18:49:37-0500,b'DATA,394,414,373,852,0,0,251,331,EOD\r\n'
2021-12-06T18:49:47-0500,b'DATA,385,417,372,850,0,0,238,309,EOD\r\n'
2021-12-06T18:49:57-0500,b'DATA,393,416,372,848,0,0,236,315,EOD\r\n'
2021-12-06T18:50:07-0500,b'DATA,391,419,373,846,0,0,251,331,EOD\r\n'
2021-12-06T18:50:17-0500,b'DATA,392,418,374,840,0,0,242,314,EOD\r\n'
2021-12-06T18:50:27-0500,b'DATA,389,418,384,835,0,0,233,310,EOD\r\n'
2021-12-06T18:50:37-0500,b'DATA,372,421,377,833,0,0,242,324,EOD\r\n'
2021-12-06T18:50:47-0500,b'DATA,365,417,375,834,0,0,250,331,EOD\r\n'
2021-12-06T18:50:57-0500,b'DATA,373,420,372,835,0,0,251,331,EOD\r\n'
2021-12-06T18:51:07-0500,b'DATA,381,422,368,819,0,0,247,330,EOD\r\n'
2021-12-06T18:51:17-0500,b'DATA,390,424,370,835,0,0,246,329,EOD\r\n'
2021-12-06T18:51:28-0500,b'DATA,383,424,370,837,0,0,251,332,EOD\r\n'
2021-12-06T18:51:38-0500,b'DATA,377,423,370,831,0,0,248,322,EOD\r\n'
2021-12-06T18:51:48-0500,b'DATA,376,425,371,828,0,0,234,305,EOD\r\n'
2021-12-06T18:51:58-0500,b'DATA,380,424,374,826,0,0,235,313,EOD\r\n'
2021-12-06T18:52:08-0500,b'DATA,386,426,371,824,0,0,247,329,EOD\r\n'
2021-12-06T18:52:18-0500,b'DATA,382,427,364,827,0,0,250,327,EOD\r\n'
2021-12-06T18:52:28-0500,b'DATA,386,429,367,827,0,0,239,310,EOD\r\n'
2021-12-06T18:52:38-0500,b'DATA,389,430,366,825,0,0,235,312,EOD\r\n'
2021-12-06T18:52:48-0500,b'DATA,375,432,368,824,0,0,249,331,EOD\r\n'
2021-12-06T18:52:58-0500,b'DATA,378,431,366,822,0,0,246,319,EOD\r\n'
2021-12-06T18:53:09-0500,b'DATA,387,432,366,819,0,0,232,304,EOD\r\n'
2021-12-06T18:53:18-0500,b'DATA,389,432,366,818,0,0,238,317,EOD\r\n'
2021-12-06T18:53:29-0500,b'DATA,372,432,366,815,0,0,247,329,EOD\r\n'
2021-12-06T18:53:39-0500,b'DATA,377,434,365,834,0,0,250,327,EOD\r\n'
2021-12-06T18:53:49-0500,b'DATA,373,434,363,818,0,0,246,320,EOD\r\n'
2021-12-06T18:53:59-0500,b'DATA,372,433,364,820,0,0,241,313,EOD\r\n'
2021-12-06T18:54:09-0500,b'DATA,379,435,344,821,0,0,236,307,EOD\r\n'
2021-12-06T18:54:20-0500,b'DATA,385,436,363,820,0,0,233,308,EOD\r\n'
2021-12-06T18:54:29-0500,b'DATA,383,438,363,818,0,0,246,327,EOD\r\n'
2021-12-06T18:54:39-0500,b'DATA,380,437,362,817,0,0,244,317,EOD\r\n'
2021-12-06T18:54:49-0500,b'DATA,381,438,362,815,0,0,233,309,EOD\r\n'
2021-12-06T18:54:59-0500,b'DATA,373,439,360,812,0,0,244,325,EOD\r\n'
2021-12-06T18:55:10-0500,b'DATA,371,441,361,812,0,0,249,329,EOD\r\n'
2021-12-06T18:55:20-0500,b'DATA,378,441,361,814,0,0,248,327,EOD\r\n'
2021-12-06T18:55:30-0500,b'DATA,370,441,360,813,0,0,249,327,EOD\r\n'
2021-12-06T18:55:40-0500,b'DATA,370,441,359,815,0,0,248,324,EOD\r\n'
2021-12-06T18:55:50-0500,b'DATA,370,442,373,816,0,0,243,316,EOD\r\n'
2021-12-06T18:56:00-0500,b'DATA,374,444,360,814,0,0,236,307,EOD\r\n'
2021-12-06T18:56:10-0500,b'DATA,382,443,345,813,0,0,231,306,EOD\r\n'
2021-12-06T18:56:20-0500,b'DATA,371,443,359,811,0,0,236,314,EOD\r\n'
2021-12-06T18:56:30-0500,b'DATA,371,444,359,810,0,0,241,322,EOD\r\n'
2021-12-06T18:56:40-0500,b'DATA,377,444,357,811,0,0,248,329,EOD\r\n'
2021-12-06T18:56:50-0500,b'DATA,372,447,359,810,0,0,248,325,EOD\r\n'
2021-12-06T18:57:01-0500,b'DATA,373,446,357,810,0,0,243,316,EOD\r\n'
2021-12-06T18:57:11-0500,b'DATA,371,448,358,809,0,0,237,308,EOD\r\n'
2021-12-06T18:57:21-0500,b'DATA,371,449,358,788,0,0,233,308,EOD\r\n'
2021-12-06T18:57:31-0500,b'DATA,379,449,351,809,0,0,243,325,EOD\r\n'
2021-12-06T18:57:41-0500,b'DATA,382,449,357,809,0,0,245,318,EOD\r\n'
2021-12-06T18:57:51-0500,b'DATA,377,449,355,809,0,0,233,307,EOD\r\n'
2021-12-06T18:58:01-0500,b'DATA,373,452,359,808,0,0,246,327,EOD\r\n'
2021-12-06T18:58:11-0500,b'DATA,384,451,359,809,0,0,247,319,EOD\r\n'
2021-12-06T18:58:21-0500,b'DATA,381,452,344,808,0,0,237,308,EOD\r\n'
2021-12-06T18:58:31-0500,b'DATA,374,453,359,808,0,0,233,308,EOD\r\n'
2021-12-06T18:58:41-0500,b'DATA,370,454,355,809,0,0,239,318,EOD\r\n'
2021-12-06T18:58:51-0500,b'DATA,373,453,355,810,0,0,249,328,EOD\r\n'
2021-12-06T18:59:02-0500,b'DATA,375,455,354,811,0,0,246,320,EOD\r\n'
2021-12-06T18:59:12-0500,b'DATA,375,455,370,810,0,0,239,312,EOD\r\n'
2021-12-06T18:59:22-0500,b'DATA,533,382,405,802,0,0,232,307,EOD\r\n'
2021-12-06T18:59:32-0500,b'DATA,606,313,469,789,0,0,245,326,EOD\r\n'
2021-12-06T18:59:42-0500,b'DATA,625,296,505,779,0,0,242,314,EOD\r\n'
2021-12-06T18:59:52-0500,b'DATA,622,291,517,772,0,0,233,309,EOD\r\n'
2021-12-06T19:00:02-0500,b'DATA,614,287,520,763,0,0,244,325,EOD\r\n'
2021-12-06T19:00:12-0500,b'DATA,608,284,517,756,0,0,247,322,EOD\r\n'
2021-12-06T19:00:22-0500,b'DATA,605,283,516,750,0,0,235,307,EOD\r\n'
2021-12-06T19:00:32-0500,b'DATA,604,283,515,746,0,0,235,313,EOD\r\n'
2021-12-06T19:00:43-0500,b'DATA,601,282,516,738,0,0,240,318,EOD\r\n'
2021-12-06T19:00:53-0500,b'DATA,599,281,515,734,0,0,241,318,EOD\r\n'
2021-12-06T19:01:03-0500,b'DATA,598,281,515,728,0,0,242,319,EOD\r\n'
2021-12-06T19:01:13-0500,b'DATA,598,281,515,723,0,0,241,318,EOD\r\n'
2021-12-06T19:01:23-0500,b'DATA,598,282,516,719,0,0,241,317,EOD\r\n'
2021-12-06T19:01:33-0500,b'DATA,597,281,515,715,0,0,240,315,EOD\r\n'
2021-12-06T19:01:43-0500,b'DATA,597,281,516,710,0,0,239,314,EOD\r\n'
2021-12-06T19:01:53-0500,b'DATA,597,280,516,708,0,0,239,314,EOD\r\n'
2021-12-06T19:02:03-0500,b''
2021-12-07T09:47:15-0500,b'DATA,645,294,554,555,0,0,246,340,EOD\r\n'
2021-12-07T09:47:16-0500,b'DATA,645,294,555,555,0,0,240,314,EOD\r\n'
2021-12-07T09:47:26-0500,b'DATA,644,295,555,555,0,0,240,313,EOD\r\n'
2021-12-07T09:47:36-0500,b'DATA,644,295,553,555,0,0,239,313,EOD\r\n'
2021-12-07T09:47:46-0500,b'DATA,645,295,554,555,0,0,240,314,EOD\r\n'
2021-12-07T09:47:56-0500,b'DATA,645,295,555,556,0,0,240,314,EOD\r\n'
2021-12-07T09:48:06-0500,b'DATA,644,295,555,557,0,0,239,313,EOD\r\n'
2021-12-07T09:48:16-0500,b'DATA,645,295,555,556,0,0,240,315,EOD\r\n'
2021-12-07T09:48:27-0500,b'DATA,645,294,554,557,0,0,240,314,EOD\r\n'
2021-12-07T09:48:36-0500,b'DATA,645,294,555,556,0,0,239,312,EOD\r\n'
2021-12-07T09:48:46-0500,b'DATA,645,295,555,555,0,0,240,314,EOD\r\n'
2021-12-07T09:48:57-0500,b'DATA,644,295,554,555,0,0,240,314,EOD\r\n'
2021-12-07T09:49:07-0500,b'DATA,645,294,555,556,0,0,239,312,EOD\r\n'
2021-12-07T09:49:17-0500,b'DATA,644,295,553,555,0,0,240,314,EOD\r\n'
2021-12-07T09:49:27-0500,b'DATA,645,295,555,556,0,0,240,314,EOD\r\n'
2021-12-07T09:49:37-0500,b'DATA,645,295,554,556,0,0,239,312,EOD\r\n'
2021-12-07T09:49:47-0500,b'DATA,645,295,555,554,0,0,239,314,EOD\r\n'
2021-12-07T09:49:57-0500,b'DATA,645,295,555,555,0,0,240,314,EOD\r\n'
2021-12-07T09:50:07-0500,b'DATA,645,295,553,556,0,0,240,314,EOD\r\n'
2021-12-07T09:50:17-0500,b'DATA,645,295,554,554,0,0,239,312,EOD\r\n'
2021-12-07T09:50:28-0500,b'DATA,645,295,555,557,0,0,240,314,EOD\r\n'
2021-12-07T09:50:37-0500,b'DATA,645,295,555,555,0,0,240,314,EOD\r\n'
2021-12-07T09:50:48-0500,b'DATA,646,295,553,556,0,0,238,312,EOD\r\n'
2021-12-07T09:50:58-0500,b'DATA,645,295,555,556,0,0,240,314,EOD\r\n'
2021-12-07T09:51:08-0500,b'DATA,645,295,556,556,0,0,240,314,EOD\r\n'
2021-12-07T09:51:18-0500,b'DATA,644,295,555,556,0,0,239,312,EOD\r\n'
2021-12-07T09:51:28-0500,b'DATA,644,295,555,556,0,0,240,314,EOD\r\n'
2021-12-07T09:51:38-0500,b'DATA,644,295,555,557,0,0,240,314,EOD\r\n'
2021-12-07T09:51:48-0500,b'DATA,645,295,556,556,0,0,239,313,EOD\r\n'
2021-12-07T09:51:58-0500,b'DATA,645,295,555,556,0,0,239,312,EOD\r\n'
2021-12-07T09:52:08-0500,b'DATA,645,294,556,557,0,0,239,313,EOD\r\n'
2021-12-07T09:52:19-0500,b'DATA,645,294,554,556,0,0,240,314,EOD\r\n'
2021-12-07T09:52:29-0500,b'DATA,645,295,555,556,0,0,240,313,EOD\r\n'
2021-12-07T09:52:39-0500,b'DATA,645,295,555,556,0,0,240,313,EOD\r\n'
2021-12-07T09:52:49-0500,b'DATA,645,295,555,556,0,0,239,312,EOD\r\n'
2021-12-07T09:52:59-0500,b'DATA,645,295,555,556,0,0,238,312,EOD\r\n'
2021-12-07T09:53:09-0500,b'DATA,645,295,555,555,0,0,240,314,EOD\r\n'
2021-12-07T09:53:20-0500,b'DATA,645,295,555,556,0,0,239,312,EOD\r\n'
2021-12-07T09:53:29-0500,b'DATA,645,294,555,554,0,0,240,314,EOD\r\n'
2021-12-07T09:53:39-0500,b'DATA,645,295,555,556,0,0,240,313,EOD\r\n'
2021-12-07T09:53:49-0500,b'DATA,645,294,555,555,0,0,239,312,EOD\r\n'
2021-12-07T09:53:59-0500,b'DATA,645,295,555,556,0,0,240,314,EOD\r\n'
2021-12-07T09:54:09-0500,b'DATA,645,295,554,555,0,0,240,313,EOD\r\n'
2021-12-07T09:54:19-0500,b'DATA,645,295,555,556,0,0,240,313,EOD\r\n'
2021-12-07T09:54:30-0500,b'DATA,645,294,555,555,0,0,238,311,EOD\r\n'
2021-12-07T09:54:40-0500,b'DATA,645,295,555,556,0,0,240,314,EOD\r\n'
2021-12-07T09:54:50-0500,b'DATA,645,295,555,556,0,0,240,313,EOD\r\n'
2021-12-07T09:55:00-0500,b'DATA,645,295,555,558,0,0,239,312,EOD\r\n'
2021-12-07T09:55:10-0500,b'DATA,645,295,556,556,0,0,240,314,EOD\r\n'
2021-12-07T09:55:20-0500,b'DATA,645,294,555,556,0,0,240,314,EOD\r\n'
2021-12-07T09:55:30-0500,b'DATA,645,295,555,556,0,0,239,313,EOD\r\n'
2021-12-07T09:55:40-0500,b'DATA,645,295,555,556,0,0,239,313,EOD\r\n'
2021-12-07T09:55:50-0500,b'DATA,645,295,556,555,0,0,239,312,EOD\r\n'
2021-12-07T09:56:00-0500,b'DATA,645,295,556,556,0,0,238,311,EOD\r\n'
2021-12-07T09:56:11-0500,b'DATA,646,296,555,556,0,0,240,314,EOD\r\n'
2021-12-07T09:56:21-0500,b'DATA,645,295,557,556,0,0,240,313,EOD\r\n'
2021-12-07T09:56:31-0500,b'DATA,645,295,556,555,0,0,239,312,EOD\r\n'
2021-12-07T09:56:41-0500,b'DATA,645,294,555,557,0,0,240,314,EOD\r\n'
2021-12-07T09:56:51-0500,b'DATA,646,295,555,555,0,0,239,313,EOD\r\n'
2021-12-07T09:57:01-0500,b'DATA,645,295,555,557,0,0,239,312,EOD\r\n'
2021-12-07T09:57:11-0500,b'DATA,645,295,555,557,0,0,240,314,EOD\r\n'
2021-12-07T09:57:21-0500,b'DATA,646,295,555,556,0,0,240,313,EOD\r\n'
2021-12-07T09:57:31-0500,b'DATA,646,295,555,555,0,0,238,311,EOD\r\n'
2021-12-07T09:57:41-0500,b'DATA,645,295,555,556,0,0,240,314,EOD\r\n'
2021-12-07T09:57:51-0500,b'DATA,646,296,555,556,0,0,239,313,EOD\r\n'
2021-12-07T09:58:02-0500,b'DATA,646,295,555,555,0,0,238,311,EOD\r\n'
2021-12-07T09:58:12-0500,b'DATA,645,295,555,556,0,0,240,314,EOD\r\n'
2021-12-07T09:58:22-0500,b'DATA,645,295,555,556,0,0,240,313,EOD\r\n'
2021-12-07T09:58:32-0500,b'DATA,645,295,555,556,0,0,240,313,EOD\r\n'
2021-12-07T09:58:42-0500,b'DATA,645,295,555,556,0,0,238,311,EOD\r\n'
2021-12-07T09:58:52-0500,b'DATA,645,296,555,556,0,0,240,314,EOD\r\n'
2021-12-07T09:59:02-0500,b'DATA,645,295,554,556,0,0,240,313,EOD\r\n'
2021-12-07T09:59:12-0500,b'DATA,645,295,555,556,0,0,239,312,EOD\r\n'
2021-12-07T09:59:22-0500,b'DATA,645,295,556,556,0,0,238,311,EOD\r\n'
2021-12-07T09:59:32-0500,b'DATA,645,295,555,556,0,0,239,313,EOD\r\n'
2021-12-07T09:59:42-0500,b'DATA,645,295,555,555,0,0,239,313,EOD\r\n'
2021-12-07T09:59:52-0500,b'DATA,645,295,555,554,0,0,239,312,EOD\r\n'
2021-12-07T10:00:02-0500,b'DATA,645,295,556,555,0,0,238,311,EOD\r\n'
2021-12-07T10:00:13-0500,b'DATA,646,296,556,556,0,0,238,311,EOD\r\n'
2021-12-07T10:00:22-0500,b'DATA,646,295,555,556,0,0,238,311,EOD\r\n'
2021-12-07T10:00:33-0500,b'DATA,646,295,556,556,0,0,238,312,EOD\r\n'
2021-12-07T10:00:43-0500,b'DATA,646,295,555,556,0,0,239,312,EOD\r\n'
2021-12-07T10:00:53-0500,b'DATA,646,295,555,557,0,0,239,312,EOD\r\n'
2021-12-07T10:01:03-0500,b'DATA,646,296,554,556,0,0,239,313,EOD\r\n'
2021-12-07T10:01:13-0500,b'DATA,646,295,554,556,0,0,238,311,EOD\r\n'
2021-12-07T10:01:23-0500,b'DATA,646,295,555,556,0,0,239,312,EOD\r\n'
2021-12-07T10:01:33-0500,b'DATA,645,294,555,555,0,0,239,313,EOD\r\n'
2021-12-07T10:01:43-0500,b'DATA,645,295,555,555,0,0,239,313,EOD\r\n'
2021-12-07T10:01:54-0500,b'DATA,645,295,556,556,0,0,237,311,EOD\r\n'
2021-12-07T10:02:03-0500,b'DATA,644,296,555,556,0,0,239,312,EOD\r\n'
2021-12-07T10:02:14-0500,b'DATA,645,295,556,556,0,0,239,313,EOD\r\n'
2021-12-07T10:02:24-0500,b'DATA,645,295,556,556,0,0,239,313,EOD\r\n'
2021-12-07T10:02:34-0500,b'DATA,645,295,556,557,0,0,238,311,EOD\r\n'
2021-12-07T10:02:44-0500,b'DATA,645,295,554,555,0,0,239,313,EOD\r\n'
2021-12-07T10:02:54-0500,b'DATA,645,295,555,556,0,0,239,313,EOD\r\n'
2021-12-07T10:03:04-0500,b'DATA,645,295,555,556,0,0,239,312,EOD\r\n'
2021-12-07T10:03:15-0500,b'DATA,645,295,555,556,0,0,239,313,EOD\r\n'
2021-12-07T10:03:24-0500,b'DATA,646,295,555,555,0,0,238,311,EOD\r\n'
2021-12-07T10:03:35-0500,b'DATA,646,295,556,555,0,0,239,310,EOD\r\n'
2021-12-07T10:03:45-0500,b'DATA,646,295,555,556,0,0,239,310,EOD\r\n'
2021-12-07T10:03:55-0500,b'DATA,645,295,555,556,0,0,238,312,EOD\r\n'
2021-12-07T10:04:05-0500,b'DATA,646,296,555,556,0,0,239,312,EOD\r\n'
2021-12-07T10:04:15-0500,b'DATA,645,295,555,556,0,0,240,313,EOD\r\n'
2021-12-07T10:04:25-0500,b'DATA,646,296,555,557,0,0,240,313,EOD\r\n'
2021-12-07T10:04:35-0500,b'DATA,645,295,556,556,0,0,238,312,EOD\r\n'
2021-12-07T10:04:45-0500,b'DATA,646,295,555,556,0,0,239,312,EOD\r\n'
2021-12-07T10:04:55-0500,b'DATA,646,295,554,556,0,0,239,313,EOD\r\n'
2021-12-07T10:05:05-0500,b'DATA,646,295,556,558,0,0,240,314,EOD\r\n'
2021-12-07T10:05:15-0500,b'DATA,645,295,555,557,0,0,238,311,EOD\r\n'
2021-12-07T10:05:25-0500,b'DATA,645,295,556,558,0,0,239,312,EOD\r\n'
2021-12-07T10:05:35-0500,b'DATA,646,295,556,557,0,0,240,313,EOD\r\n'
2021-12-07T10:05:45-0500,b'DATA,646,295,556,556,0,0,240,314,EOD\r\n'
2021-12-07T10:05:56-0500,b'DATA,646,296,556,558,0,0,238,311,EOD\r\n'
2021-12-07T10:06:05-0500,b'DATA,646,296,555,557,0,0,240,313,EOD\r\n'
2021-12-07T10:06:16-0500,b'DATA,647,295,555,557,0,0,239,313,EOD\r\n'
2021-12-07T10:06:26-0500,b'DATA,646,296,556,557,0,0,244,318,EOD\r\n'
2021-12-07T10:06:36-0500,b'DATA,645,295,555,557,0,0,242,316,EOD\r\n'
2021-12-07T10:06:46-0500,b'DATA,646,295,555,557,0,0,240,313,EOD\r\n'
2021-12-07T10:06:56-0500,b'DATA,646,296,554,556,0,0,242,316,EOD\r\n'
2021-12-07T10:07:06-0500,b'DATA,646,296,556,556,0,0,241,315,EOD\r\n'
2021-12-07T10:07:16-0500,b'DATA,646,296,556,557,0,0,243,319,EOD\r\n'
2021-12-07T10:07:27-0500,b'DATA,646,295,556,557,0,0,239,313,EOD\r\n'
2021-12-07T10:07:36-0500,b'DATA,646,295,555,557,0,0,239,313,EOD\r\n'
2021-12-07T10:07:47-0500,b'DATA,1023,295,556,557,0,0,242,316,EOD\r\n'
2021-12-07T10:07:57-0500,b'DATA,1023,295,556,558,0,0,241,315,EOD\r\n'
2021-12-07T10:08:07-0500,b'DATA,1023,295,555,556,0,0,240,314,EOD\r\n'
2021-12-07T10:08:17-0500,b'DATA,1023,295,556,557,0,0,240,314,EOD\r\n'
2021-12-07T10:08:27-0500,b'DATA,1023,296,556,558,0,0,240,315,EOD\r\n'
2021-12-07T10:08:37-0500,b'DATA,1023,296,556,557,0,0,241,316,EOD\r\n'
2021-12-07T10:08:47-0500,b'DATA,646,296,558,557,0,0,239,312,EOD\r\n'
2021-12-07T10:08:58-0500,b'DATA,646,295,556,558,0,0,240,313,EOD\r\n'
2021-12-07T10:09:07-0500,b'DATA,646,295,556,558,0,0,240,315,EOD\r\n'
2021-12-07T10:09:18-0500,b'DATA,646,295,556,558,0,0,240,313,EOD\r\n'
2021-12-07T10:09:27-0500,b'DATA,646,295,556,558,0,0,240,314,EOD\r\n'
2021-12-07T10:09:37-0500,b'DATA,647,295,556,558,0,0,238,312,EOD\r\n'
2021-12-07T10:09:47-0500,b'DATA,602,279,519,519,0,0,210,270,EOD\r\n'
2021-12-07T10:09:57-0500,b'DATA,596,277,514,516,0,0,206,266,EOD\r\n'
2021-12-07T10:10:08-0500,b'DATA,611,282,527,528,0,0,217,281,EOD\r\n'
2021-12-07T10:10:18-0500,b'DATA,610,282,525,527,0,0,216,280,EOD\r\n'
2021-12-07T10:10:28-0500,b'DATA,6,284,531,531,0,0,218,282,EOD\r\n'
2021-12-07T10:11:51-0500,b'DATA,360,288,540,540,0,0,234,323,EOD\r\n'
2021-12-07T10:11:52-0500,b'DATA,364,287,540,540,0,0,228,298,EOD\r\n'
2021-12-07T10:12:02-0500,b'DATA,377,288,540,541,0,0,229,298,EOD\r\n'
2021-12-07T10:12:12-0500,b'DATA,385,288,541,541,0,0,229,299,EOD\r\n'
2021-12-07T10:12:22-0500,b'DATA,394,288,541,541,0,0,229,298,EOD\r\n'
2021-12-07T10:12:33-0500,b'DATA,397,288,541,541,0,0,229,299,EOD\r\n'
2021-12-07T10:12:43-0500,b'DATA,394,288,541,541,0,0,229,299,EOD\r\n'
2021-12-07T10:12:53-0500,b'DATA,399,288,540,541,0,0,229,300,EOD\r\n'
2021-12-07T10:13:03-0500,b'DATA,401,288,539,541,0,0,229,299,EOD\r\n'
2021-12-07T10:13:13-0500,b'DATA,405,290,543,544,0,0,232,303,EOD\r\n'
2021-12-07T10:13:23-0500,b'DATA,411,289,543,543,0,0,232,303,EOD\r\n'
2021-12-07T10:13:33-0500,b'DATA,404,289,542,543,0,0,232,303,EOD\r\n'
2021-12-07T10:13:47-0500,b'DATA,409,290,543,544,0,0,232,303,EOD\r\n'
2021-12-07T10:13:53-0500,b'DATA,412,289,543,544,0,0,232,304,EOD\r\n'
2021-12-07T10:14:03-0500,b'DATA,418,289,542,542,0,0,231,303,EOD\r\n'
2021-12-07T10:14:13-0500,b'DATA,421,290,543,543,0,0,232,304,EOD\r\n'
2021-12-07T10:14:24-0500,b'DATA,393,281,524,525,0,0,217,282,EOD\r\n'
2021-12-07T10:14:33-0500,b'DATA,115,281,524,526,0,0,218,284,EOD\r\n'
2021-12-07T10:16:48-0500,b'DATA,614,283,529,529,0,0,228,314,EOD\r\n'
2021-12-07T10:16:49-0500,b'DATA,614,283,529,530,0,0,222,289,EOD\r\n'
2021-12-07T10:16:59-0500,b'DATA,613,282,529,529,0,0,222,289,EOD\r\n'
2021-12-07T10:17:09-0500,b'DATA,614,283,529,530,0,0,222,289,EOD\r\n'
2021-12-07T10:17:19-0500,b'DATA,629,289,542,543,0,0,233,305,EOD\r\n'
2021-12-07T10:17:30-0500,b'DATA,629,289,543,543,0,0,234,307,EOD\r\n'
2021-12-07T10:17:40-0500,b'DATA,628,289,542,542,0,0,233,304,EOD\r\n'
2021-12-07T10:17:50-0500,b'DATA,628,289,542,542,0,0,233,305,EOD\r\n'
2021-12-07T10:18:00-0500,b'DATA,629,288,541,545,0,0,233,305,EOD\r\n'
2021-12-07T10:18:10-0500,b'DATA,628,289,542,547,0,0,233,305,EOD\r\n'
2021-12-07T10:18:20-0500,b'DATA,629,289,542,550,0,0,233,305,EOD\r\n'
2021-12-07T10:18:30-0500,b'DATA,629,289,542,576,0,0,233,305,EOD\r\n'
2021-12-07T10:18:40-0500,b'DATA,629,290,543,604,0,0,234,306,EOD\r\n'
2021-12-07T10:18:50-0500,b'DATA,630,290,543,626,0,0,234,306,EOD\r\n'
2021-12-07T10:19:00-0500,b'DATA,630,290,543,644,0,0,234,306,EOD\r\n'
2021-12-07T10:19:11-0500,b'DATA,630,290,542,656,0,0,234,306,EOD\r\n'
2021-12-07T10:19:21-0500,b'DATA,629,290,543,658,0,0,234,306,EOD\r\n'
2021-12-07T10:19:31-0500,b'DATA,629,289,542,657,0,0,233,306,EOD\r\n'
2021-12-07T10:19:41-0500,b'DATA,630,289,542,656,0,0,234,306,EOD\r\n'
2021-12-07T10:19:51-0500,b'DATA,618,286,533,627,0,0,223,290,EOD\r\n'
2021-12-07T10:20:01-0500,b'DATA,610,283,526,614,0,0,219,286,EOD\r\n'
2021-12-07T10:20:11-0500,b'DATA,611,282,527,615,0,0,220,286,EOD\r\n'
2021-12-07T10:20:21-0500,b'DATA,615,284,530,617,0,0,219,285,EOD\r\n'
2021-12-07T10:20:31-0500,b'DATA,596,276,513,592,0,0,209,272,EOD\r\n'
2021-12-07T10:20:41-0500,b'DATA,610,281,525,606,0,0,217,282,EOD\r\n'
2021-12-07T10:20:51-0500,b'DATA,630,289,541,626,0,0,228,298,EOD\r\n'
2021-12-07T10:21:01-0500,b'DATA,633,291,544,631,0,0,232,304,EOD\r\n'
2021-12-07T10:21:12-0500,b'DATA,631,290,541,634,0,0,231,302,EOD\r\n'
2021-12-07T10:21:22-0500,b'DATA,637,291,547,647,0,0,234,307,EOD\r\n'
2021-12-07T10:21:31-0500,b'DATA,638,292,548,647,0,0,234,306,EOD\r\n'
2021-12-07T10:21:42-0500,b'DATA,639,292,549,638,0,0,235,308,EOD\r\n'
2021-12-07T10:21:52-0500,b'DATA,640,292,548,624,0,0,235,308,EOD\r\n'
2021-12-07T10:22:02-0500,b'DATA,640,292,549,612,0,0,235,307,EOD\r\n'
2021-12-07T10:22:12-0500,b'DATA,639,292,549,604,0,0,235,308,EOD\r\n'
2021-12-07T10:22:22-0500,b'DATA,639,293,548,595,0,0,235,308,EOD\r\n'
2021-12-07T10:22:32-0500,b'DATA,640,292,549,590,0,0,235,308,EOD\r\n'
2021-12-07T10:22:42-0500,b'DATA,639,293,549,586,0,0,235,309,EOD\r\n'
2021-12-07T10:22:52-0500,b'DATA,640,293,549,581,0,0,235,308,EOD\r\n'
2021-12-07T10:23:03-0500,b'DATA,658,299,563,594,0,0,249,326,EOD\r\n'
2021-12-07T10:23:13-0500,b'DATA,644,294,563,592,0,0,242,318,EOD\r\n'
2021-12-07T10:23:23-0500,b'DATA,644,294,561,588,0,0,247,329,EOD\r\n'
2021-12-07T10:23:33-0500,b'DATA,647,295,558,585,0,0,248,324,EOD\r\n'
2021-12-07T10:23:43-0500,b'DATA,647,296,559,583,0,0,242,321,EOD\r\n'
2021-12-07T10:23:53-0500,b'DATA,647,295,558,581,0,0,251,330,EOD\r\n'
2021-12-07T10:24:03-0500,b'DATA,648,295,558,580,0,0,247,322,EOD\r\n'
2021-12-07T10:24:45-0500,b'Initializing Expansion Valve Complete\r\n'
2021-12-07T10:25:24-0500,b'DATA,647,295,558,571,0,0,256,356,EOD\r\n'
2021-12-07T10:25:24-0500,b'DATA,648,295,558,570,0,0,251,328,EOD\r\n'
2021-12-07T10:25:35-0500,b'DATA,648,296,558,570,0,0,249,325,EOD\r\n'
2021-12-07T10:25:45-0500,b'DATA,648,296,557,569,0,0,245,320,EOD\r\n'
2021-12-07T10:25:55-0500,b'DATA,648,295,558,570,0,0,242,316,EOD\r\n'
2021-12-07T10:26:05-0500,b'DATA,647,296,557,569,0,0,240,314,EOD\r\n'
2021-12-07T10:26:15-0500,b'DATA,648,295,558,568,0,0,240,314,EOD\r\n'
2021-12-07T10:26:25-0500,b'DATA,648,296,557,567,0,0,240,313,EOD\r\n'
2021-12-07T10:26:35-0500,b'DATA,647,295,558,567,0,0,239,313,EOD\r\n'
2021-12-07T10:26:45-0500,b'DATA,648,296,558,568,0,0,239,314,EOD\r\n'
2021-12-07T10:26:56-0500,b'DATA,647,296,557,567,0,0,239,314,EOD\r\n'
2021-12-07T10:27:05-0500,b'DATA,648,296,557,566,0,0,242,321,EOD\r\n'
2021-12-07T10:27:15-0500,b'DATA,647,296,557,566,0,0,249,329,EOD\r\n'
2021-12-07T10:27:25-0500,b'DATA,648,296,557,566,0,0,246,320,EOD\r\n'
2021-12-07T10:27:35-0500,b'DATA,647,295,557,565,0,0,239,313,EOD\r\n'
2021-12-07T10:27:46-0500,b'DATA,647,295,557,565,0,0,244,323,EOD\r\n'
2021-12-07T10:27:56-0500,b'DATA,648,295,556,565,0,0,250,328,EOD\r\n'
2021-12-07T10:28:06-0500,b'DATA,647,295,557,564,0,0,243,316,EOD\r\n'
2021-12-07T10:28:16-0500,b'DATA,647,296,557,564,0,0,238,313,EOD\r\n'
2021-12-07T10:28:26-0500,b'DATA,647,295,557,564,0,0,242,320,EOD\r\n'
2021-12-07T10:28:36-0500,b'DATA,647,295,556,563,0,0,247,327,EOD\r\n'
2021-12-07T10:28:46-0500,b'DATA,647,295,557,565,0,0,250,328,EOD\r\n'
2021-12-07T10:28:57-0500,b'DATA,647,295,557,564,0,0,248,322,EOD\r\n'
2021-12-07T10:29:07-0500,b'DATA,647,295,556,563,0,0,242,316,EOD\r\n'
2021-12-07T10:29:17-0500,b'DATA,647,296,555,561,0,0,239,312,EOD\r\n'
2021-12-07T10:29:27-0500,b'DATA,646,295,556,563,0,0,238,313,EOD\r\n'
2021-12-07T10:29:37-0500,b'DATA,647,296,555,564,0,0,244,323,EOD\r\n'
2021-12-07T10:29:47-0500,b'DATA,646,295,556,562,0,0,246,320,EOD\r\n'
2021-12-07T10:29:57-0500,b'DATA,646,295,556,562,0,0,238,313,EOD\r\n'
2021-12-07T10:30:07-0500,b'DATA,646,295,556,562,0,0,248,327,EOD\r\n'
2021-12-07T10:30:17-0500,b'DATA,646,295,556,564,0,0,245,318,EOD\r\n'
2021-12-07T10:30:27-0500,b'DATA,646,296,556,562,0,0,237,312,EOD\r\n'
2021-12-07T10:30:37-0500,b'DATA,646,295,556,561,0,0,248,327,EOD\r\n'
2021-12-07T10:30:47-0500,b'DATA,646,295,556,561,0,0,246,319,EOD\r\n'
2021-12-07T10:30:58-0500,b'DATA,646,296,556,561,0,0,237,311,EOD\r\n'
2021-12-07T10:31:07-0500,b'DATA,646,295,556,561,0,0,240,318,EOD\r\n'
2021-12-07T10:31:18-0500,b'DATA,647,295,556,560,0,0,244,323,EOD\r\n'
2021-12-07T10:31:28-0500,b'DATA,646,295,556,561,0,0,247,327,EOD\r\n'
2021-12-07T10:31:38-0500,b'DATA,646,295,556,561,0,0,248,328,EOD\r\n'
2021-12-07T10:31:48-0500,b'DATA,646,295,556,561,0,0,250,327,EOD\r\n'
2021-12-07T10:31:58-0500,b'DATA,647,295,556,561,0,0,250,326,EOD\r\n'
2021-12-07T10:32:08-0500,b'DATA,646,295,555,561,0,0,249,325,EOD\r\n'
2021-12-07T10:32:18-0500,b'DATA,646,296,555,560,0,0,250,325,EOD\r\n'
2021-12-07T10:32:28-0500,b'DATA,646,295,556,561,0,0,250,327,EOD\r\n'
2021-12-07T10:32:38-0500,b'DATA,646,295,555,562,0,0,250,327,EOD\r\n'
2021-12-07T10:32:49-0500,b'DATA,646,295,556,560,0,0,250,326,EOD\r\n'
2021-12-07T10:32:59-0500,b'DATA,646,295,556,562,0,0,250,325,EOD\r\n'
2021-12-07T10:33:09-0500,b'DATA,646,295,557,561,0,0,245,318,EOD\r\n'
2021-12-07T10:33:19-0500,b'DATA,646,295,556,561,0,0,236,309,EOD\r\n'
2021-12-07T10:33:29-0500,b'DATA,646,295,556,560,0,0,246,326,EOD\r\n'
2021-12-07T10:33:39-0500,b'DATA,645,295,556,560,0,0,244,316,EOD\r\n'
2021-12-07T10:33:49-0500,b'DATA,646,295,556,560,0,0,238,316,EOD\r\n'
2021-12-07T10:33:59-0500,b'DATA,645,295,555,559,0,0,248,321,EOD\r\n'
2021-12-07T10:34:09-0500,b'DATA,646,295,555,560,0,0,237,313,EOD\r\n'
2021-12-07T10:34:19-0500,b'DATA,646,295,554,560,0,0,249,324,EOD\r\n'
2021-12-07T10:34:29-0500,b'DATA,646,295,557,560,0,0,236,309,EOD\r\n'
2021-12-07T10:34:39-0500,b'DATA,645,295,555,560,0,0,250,328,EOD\r\n'
2021-12-07T10:34:49-0500,b'DATA,646,295,555,560,0,0,238,309,EOD\r\n'
2021-12-07T10:35:00-0500,b'DATA,646,295,556,560,0,0,243,322,EOD\r\n'
2021-12-07T10:35:10-0500,b'DATA,646,295,556,560,0,0,244,316,EOD\r\n'
2021-12-07T10:35:20-0500,b'DATA,646,295,556,559,0,0,239,316,EOD\r\n'
2021-12-07T10:35:30-0500,b'DATA,646,295,556,560,0,0,245,318,EOD\r\n'
2021-12-07T10:35:40-0500,b'DATA,646,295,555,559,0,0,239,316,EOD\r\n'
2021-12-07T10:35:50-0500,b'DATA,646,294,555,559,0,0,246,319,EOD\r\n'
2021-12-07T10:36:00-0500,b'DATA,612,283,528,531,0,0,218,283,EOD\r\n'
2021-12-07T10:36:10-0500,b'DATA,646,295,556,559,0,0,249,323,EOD\r\n'
2021-12-07T10:36:20-0500,b'DATA,646,295,557,559,0,0,235,309,EOD\r\n'
2021-12-07T10:36:30-0500,b'DATA,646,295,556,560,0,0,250,327,EOD\r\n'
2021-12-07T10:36:41-0500,b'DATA,646,295,557,559,0,0,236,308,EOD\r\n'
2021-12-07T10:36:50-0500,b'DATA,646,295,557,560,0,0,247,327,EOD\r\n'
2021-12-07T10:37:00-0500,b'DATA,646,295,556,559,0,0,240,312,EOD\r\n'
2021-12-07T10:37:10-0500,b'DATA,646,295,557,558,0,0,240,318,EOD\r\n'
2021-12-07T10:37:21-0500,b'DATA,646,295,557,559,0,0,247,320,EOD\r\n'
2021-12-07T10:37:31-0500,b'DATA,647,295,556,558,0,0,236,310,EOD\r\n'
2021-12-07T10:37:41-0500,b'DATA,646,295,557,560,0,0,249,327,EOD\r\n'
2021-12-07T10:37:51-0500,b'DATA,646,295,557,559,0,0,242,314,EOD\r\n'
2021-12-07T10:38:01-0500,b'DATA,646,295,556,559,0,0,236,310,EOD\r\n'
2021-12-07T10:38:11-0500,b'DATA,646,294,557,558,0,0,242,320,EOD\r\n'
2021-12-07T10:38:21-0500,b'DATA,646,295,557,560,0,0,249,327,EOD\r\n'
2021-12-07T10:38:31-0500,b'DATA,646,295,557,560,0,0,244,316,EOD\r\n'
2021-12-07T10:38:41-0500,b'DATA,646,295,556,560,0,0,236,308,EOD\r\n'
2021-12-07T10:38:52-0500,b'DATA,646,295,556,559,0,0,238,316,EOD\r\n'
2021-12-07T10:39:01-0500,b'DATA,646,296,556,560,0,0,246,325,EOD\r\n'
2021-12-07T10:39:12-0500,b'DATA,647,295,556,559,0,0,249,325,EOD\r\n'
2021-12-07T10:39:22-0500,b'DATA,646,295,555,559,0,0,242,313,EOD\r\n'
2021-12-07T10:39:32-0500,b'DATA,646,295,555,559,0,0,236,308,EOD\r\n'
2021-12-07T10:39:42-0500,b'DATA,646,295,556,558,0,0,235,309,EOD\r\n'
2021-12-07T10:39:52-0500,b'DATA,646,295,555,559,0,0,235,310,EOD\r\n'
2021-12-07T10:40:02-0500,b'DATA,647,295,557,559,0,0,236,313,EOD\r\n'
2021-12-07T10:40:12-0500,b'DATA,646,295,556,560,0,0,242,321,EOD\r\n'
2021-12-07T10:40:22-0500,b'DATA,647,295,556,559,0,0,248,325,EOD\r\n'
2021-12-07T10:40:32-0500,b'DATA,646,295,557,559,0,0,240,311,EOD\r\n'
2021-12-07T10:40:42-0500,b'DATA,646,295,556,559,0,0,235,311,EOD\r\n'
2021-12-07T10:40:53-0500,b'DATA,646,295,556,560,0,0,248,326,EOD\r\n'
2021-12-07T10:41:03-0500,b'DATA,646,295,556,559,0,0,243,315,EOD\r\n'
2021-12-07T10:41:13-0500,b'DATA,647,295,556,559,0,0,234,308,EOD\r\n'
2021-12-07T10:41:23-0500,b'DATA,647,296,556,560,0,0,247,326,EOD\r\n'
2021-12-07T10:41:33-0500,b'DATA,646,295,557,559,0,0,243,316,EOD\r\n'
2021-12-07T10:41:43-0500,b'DATA,646,295,556,560,0,0,234,307,EOD\r\n'
2021-12-07T10:41:53-0500,b'DATA,647,295,557,558,0,0,239,317,EOD\r\n'
2021-12-07T10:42:03-0500,b'DATA,647,295,556,560,0,0,247,325,EOD\r\n'
2021-12-07T10:42:13-0500,b'DATA,646,295,556,560,0,0,244,317,EOD\r\n'
2021-12-07T10:42:23-0500,b'DATA,646,295,556,559,0,0,234,306,EOD\r\n'
2021-12-07T10:42:33-0500,b'DATA,646,296,557,559,0,0,241,320,EOD\r\n'
2021-12-07T10:42:43-0500,b'DATA,647,295,556,559,0,0,246,319,EOD\r\n'
2021-12-07T10:42:54-0500,b'DATA,647,295,557,561,0,0,234,306,EOD\r\n'
2021-12-07T10:43:04-0500,b'DATA,646,296,557,561,0,0,240,318,EOD\r\n'
2021-12-07T10:43:14-0500,b'DATA,646,296,557,559,0,0,247,321,EOD\r\n'
2021-12-07T10:43:24-0500,b'DATA,647,296,557,558,0,0,236,306,EOD\r\n'
2021-12-07T10:43:34-0500,b'DATA,647,295,556,557,0,0,235,311,EOD\r\n'
2021-12-07T10:43:44-0500,b'DATA,646,295,556,558,0,0,246,325,EOD\r\n'
2021-12-07T10:43:54-0500,b'DATA,647,295,556,558,0,0,247,320,EOD\r\n'
2021-12-07T10:44:04-0500,b'DATA,647,295,556,557,0,0,239,309,EOD\r\n'
2021-12-07T10:44:15-0500,b'DATA,646,296,555,558,0,0,234,308,EOD\r\n'
2021-12-07T10:44:24-0500,b'DATA,646,296,556,560,0,0,243,323,EOD\r\n'
2021-12-07T10:44:34-0500,b'DATA,647,295,555,558,0,0,247,321,EOD\r\n'
2021-12-07T10:44:44-0500,b'DATA,647,295,557,559,0,0,237,308,EOD\r\n'
2021-12-07T10:44:55-0500,b'DATA,646,295,555,559,0,0,233,307,EOD\r\n'
2021-12-07T10:45:05-0500,b'DATA,646,295,556,559,0,0,238,314,EOD\r\n'
2021-12-07T10:45:15-0500,b'DATA,647,295,557,561,0,0,243,323,EOD\r\n'
2021-12-07T10:45:25-0500,b'DATA,646,296,557,559,0,0,246,325,EOD\r\n'
2021-12-07T10:45:35-0500,b'DATA,647,295,557,559,0,0,247,325,EOD\r\n'
2021-12-07T10:45:45-0500,b'DATA,647,295,556,559,0,0,245,317,EOD\r\n'
2021-12-07T10:45:55-0500,b'DATA,647,295,557,559,0,0,234,305,EOD\r\n'
2021-12-07T10:46:05-0500,b'DATA,647,295,558,560,0,0,238,315,EOD\r\n'
2021-12-07T10:46:15-0500,b'DATA,647,295,557,559,0,0,246,320,EOD\r\n'
2021-12-07T10:46:25-0500,b'DATA,647,295,557,558,0,0,234,305,EOD\r\n'
2021-12-07T10:46:35-0500,b'DATA,647,296,557,560,0,0,239,316,EOD\r\n'
2021-12-07T10:46:46-0500,b'DATA,648,295,557,559,0,0,248,323,EOD\r\n'
2021-12-07T10:46:56-0500,b'DATA,647,295,557,560,0,0,240,311,EOD\r\n'
2021-12-07T10:47:06-0500,b'DATA,647,296,558,559,0,0,234,305,EOD\r\n'
2021-12-07T10:47:16-0500,b'DATA,648,295,558,560,0,0,233,305,EOD\r\n'
2021-12-07T10:47:26-0500,b'DATA,648,296,557,560,0,0,233,306,EOD\r\n'
2021-12-07T10:47:36-0500,b'DATA,647,295,556,559,0,0,235,309,EOD\r\n'
2021-12-07T10:47:46-0500,b'DATA,647,295,558,560,0,0,237,314,EOD\r\n'
2021-12-07T10:47:56-0500,b'DATA,647,296,557,560,0,0,241,319,EOD\r\n'
2021-12-07T10:48:06-0500,b'DATA,647,295,558,559,0,0,247,325,EOD\r\n'
2021-12-07T10:48:16-0500,b'DATA,648,296,557,560,0,0,248,323,EOD\r\n'
2021-12-07T10:48:26-0500,b'DATA,648,295,557,559,0,0,244,316,EOD\r\n'
2021-12-07T10:48:36-0500,b'DATA,647,295,558,558,0,0,240,311,EOD\r\n'
2021-12-07T10:48:47-0500,b'DATA,647,295,557,560,0,0,238,308,EOD\r\n'
2021-12-07T10:48:57-0500,b'DATA,647,296,557,558,0,0,238,308,EOD\r\n'
2021-12-07T10:49:07-0500,b'DATA,647,296,557,560,0,0,239,310,EOD\r\n'
2021-12-07T10:49:17-0500,b'DATA,648,295,557,558,0,0,240,310,EOD\r\n'
2021-12-07T10:49:27-0500,b'DATA,647,295,556,559,0,0,239,309,EOD\r\n'
2021-12-07T10:49:37-0500,b'DATA,648,296,556,559,0,0,238,307,EOD\r\n'
2021-12-07T10:49:47-0500,b'DATA,647,296,556,559,0,0,236,306,EOD\r\n'
2021-12-07T10:49:57-0500,b'DATA,648,295,557,558,0,0,235,305,EOD\r\n'
2021-12-07T10:50:07-0500,b'DATA,648,296,556,558,0,0,235,305,EOD\r\n'
2021-12-07T10:50:17-0500,b'DATA,647,296,557,558,0,0,235,305,EOD\r\n'
2021-12-07T10:50:27-0500,b'DATA,647,295,556,558,0,0,237,307,EOD\r\n'
2021-12-07T10:50:37-0500,b'DATA,648,296,555,558,0,0,237,307,EOD\r\n'
2021-12-07T10:50:47-0500,b'DATA,647,296,556,559,0,0,238,308,EOD\r\n'
2021-12-07T10:50:58-0500,b'DATA,648,295,557,558,0,0,240,311,EOD\r\n'
2021-12-07T10:51:08-0500,b'DATA,647,295,555,558,0,0,241,312,EOD\r\n'
2021-12-07T10:51:18-0500,b'DATA,647,295,556,558,0,0,240,310,EOD\r\n'
2021-12-07T10:51:28-0500,b'DATA,647,295,558,559,0,0,234,305,EOD\r\n'
2021-12-07T10:51:38-0500,b'DATA,648,295,558,558,0,0,235,310,EOD\r\n'
2021-12-07T10:51:48-0500,b'DATA,647,295,557,559,0,0,248,324,EOD\r\n'
2021-12-07T10:51:58-0500,b'DATA,647,296,558,559,0,0,235,305,EOD\r\n'
2021-12-07T10:52:08-0500,b'DATA,647,295,558,559,0,0,242,321,EOD\r\n'
2021-12-07T10:52:19-0500,b'DATA,648,295,557,559,0,0,240,310,EOD\r\n'
2021-12-07T10:52:28-0500,b'DATA,647,295,557,558,0,0,239,316,EOD\r\n'
2021-12-07T10:52:39-0500,b'DATA,648,295,557,559,0,0,244,316,EOD\r\n'
2021-12-07T10:52:49-0500,b'DATA,647,295,557,559,0,0,234,306,EOD\r\n'
2021-12-07T10:52:59-0500,b'DATA,647,296,557,560,0,0,242,321,EOD\r\n'
2021-12-07T10:53:09-0500,b'DATA,647,296,557,559,0,0,248,323,EOD\r\n'
2021-12-07T10:53:19-0500,b'DATA,648,295,557,559,0,0,242,313,EOD\r\n'
2021-12-07T11:02:30-0500,b'DATA,649,296,558,559,0,0,239,329,EOD\r\n'
2021-12-07T11:02:31-0500,b'DATA,649,296,558,561,0,0,232,305,EOD\r\n'
2021-12-07T11:02:41-0500,b'DATA,649,297,558,560,0,0,235,304,EOD\r\n'
2021-12-07T11:02:51-0500,b'DATA,649,296,560,560,0,0,239,309,EOD\r\n'
2021-12-07T11:03:01-0500,b'DATA,649,296,557,560,0,0,240,311,EOD\r\n'
2021-12-07T11:03:11-0500,b'DATA,649,296,559,561,0,0,240,311,EOD\r\n'
2021-12-07T11:03:22-0500,b'DATA,649,296,558,560,0,0,238,308,EOD\r\n'
2021-12-07T11:03:31-0500,b'DATA,649,296,559,561,0,0,236,306,EOD\r\n'
2021-12-07T11:03:42-0500,b'DATA,649,296,558,560,0,0,233,303,EOD\r\n'
2021-12-07T11:03:52-0500,b'DATA,649,297,559,560,0,0,233,307,EOD\r\n'
2021-12-07T11:04:02-0500,b'DATA,649,296,559,560,0,0,241,320,EOD\r\n'
2021-12-07T11:04:12-0500,b'DATA,649,297,558,560,0,0,246,321,EOD\r\n'
2021-12-07T11:04:22-0500,b'DATA,650,296,560,560,0,0,238,307,EOD\r\n'
2021-12-07T11:04:32-0500,b'DATA,649,296,558,560,0,0,231,304,EOD\r\n'
2021-12-07T11:04:42-0500,b'DATA,649,296,560,561,0,0,233,308,EOD\r\n'
2021-12-07T11:04:52-0500,b'DATA,649,297,559,561,0,0,233,307,EOD\r\n'
2021-12-07T11:05:02-0500,b'DATA,650,297,557,560,0,0,232,305,EOD\r\n'
2021-12-07T11:05:12-0500,b'DATA,649,296,559,561,0,0,232,304,EOD\r\n'
2021-12-07T11:05:22-0500,b'DATA,649,296,559,562,0,0,232,305,EOD\r\n'
2021-12-07T11:05:33-0500,b'DATA,649,297,558,561,0,0,231,304,EOD\r\n'
2021-12-07T11:05:43-0500,b'DATA,649,297,559,561,0,0,231,304,EOD\r\n'
2021-12-07T11:05:53-0500,b'DATA,650,296,558,560,0,0,232,305,EOD\r\n'
2021-12-07T11:06:03-0500,b'DATA,649,297,559,561,0,0,233,307,EOD\r\n'
2021-12-07T11:06:13-0500,b'DATA,649,296,557,559,0,0,237,314,EOD\r\n'
2021-12-07T11:06:23-0500,b'DATA,649,296,560,560,0,0,245,323,EOD\r\n'
2021-12-07T11:06:33-0500,b'DATA,649,297,560,561,0,0,246,322,EOD\r\n'
2021-12-07T11:06:43-0500,b'DATA,649,296,559,560,0,0,243,315,EOD\r\n'
2021-12-07T11:06:53-0500,b'DATA,649,297,559,560,0,0,238,307,EOD\r\n'
2021-12-07T11:07:03-0500,b'DATA,650,297,559,560,0,0,233,303,EOD\r\n'
2021-12-07T11:07:13-0500,b'DATA,649,297,559,560,0,0,232,306,EOD\r\n'
2021-12-07T11:07:23-0500,b'DATA,649,296,558,561,0,0,239,316,EOD\r\n'
2021-12-07T11:07:33-0500,b'DATA,649,296,559,562,0,0,247,323,EOD\r\n'
2021-12-07T11:07:44-0500,b'DATA,649,297,558,561,0,0,242,313,EOD\r\n'
2021-12-07T11:07:53-0500,b'DATA,649,296,559,561,0,0,234,303,EOD\r\n'
2021-12-07T11:08:04-0500,b'DATA,650,297,558,560,0,0,233,306,EOD\r\n'
2021-12-07T11:08:14-0500,b'DATA,650,297,559,561,0,0,236,311,EOD\r\n'
2021-12-07T11:08:24-0500,b'DATA,649,297,559,561,0,0,236,312,EOD\r\n'
2021-12-07T11:08:34-0500,b'DATA,650,296,559,562,0,0,237,313,EOD\r\n'
2021-12-07T11:08:44-0500,b'DATA,649,297,559,561,0,0,242,320,EOD\r\n'
2021-12-07T11:08:54-0500,b'DATA,650,296,559,560,0,0,246,323,EOD\r\n'
2021-12-07T11:09:04-0500,b'DATA,650,296,559,561,0,0,246,319,EOD\r\n'
2021-12-07T11:09:14-0500,b'DATA,649,296,558,559,0,0,238,308,EOD\r\n'
2021-12-07T11:09:25-0500,b'DATA,649,297,559,562,0,0,232,304,EOD\r\n'
2021-12-07T11:09:34-0500,b'DATA,650,297,558,562,0,0,239,316,EOD\r\n'
2021-12-07T11:09:45-0500,b'DATA,650,296,558,560,0,0,245,320,EOD\r\n'
2021-12-07T11:09:55-0500,b'DATA,650,297,558,561,0,0,234,304,EOD\r\n'
2021-12-07T11:10:05-0500,b'DATA,649,297,558,560,0,0,235,310,EOD\r\n'
2021-12-07T11:10:15-0500,b'DATA,649,297,558,559,0,0,246,323,EOD\r\n'
2021-12-07T11:10:25-0500,b'DATA,649,297,558,560,0,0,240,313,EOD\r\n'
2021-12-07T11:10:35-0500,b'DATA,650,296,559,559,0,0,233,307,EOD\r\n'
2021-12-07T11:10:45-0500,b'DATA,649,296,558,558,0,0,243,321,EOD\r\n'
2021-12-07T11:10:55-0500,b'DATA,650,296,559,559,0,0,247,321,EOD\r\n'
2021-12-07T11:11:05-0500,b'DATA,649,297,558,558,0,0,243,314,EOD\r\n'
2021-12-07T11:11:15-0500,b'DATA,649,297,559,559,0,0,240,310,EOD\r\n'
2021-12-07T11:11:26-0500,b'DATA,649,296,559,561,0,0,237,307,EOD\r\n'
2021-12-07T11:11:36-0500,b'DATA,649,296,559,559,0,0,236,305,EOD\r\n'
2021-12-07T11:11:46-0500,b'DATA,649,297,559,559,0,0,235,304,EOD\r\n'
2021-12-07T11:11:56-0500,b'DATA,649,297,558,559,0,0,234,304,EOD\r\n'
2021-12-07T11:12:06-0500,b'DATA,649,296,558,560,0,0,233,304,EOD\r\n'
2021-12-07T11:12:16-0500,b'DATA,649,297,558,559,0,0,235,310,EOD\r\n'
2021-12-07T11:12:26-0500,b'DATA,650,297,559,560,0,0,246,324,EOD\r\n'
2021-12-07T11:12:36-0500,b'DATA,650,296,559,561,0,0,243,313,EOD\r\n'
2021-12-07T11:12:46-0500,b'DATA,649,297,559,559,0,0,233,305,EOD\r\n'
2021-12-07T11:12:56-0500,b'DATA,650,297,558,559,0,0,243,321,EOD\r\n'
2021-12-07T11:13:06-0500,b'DATA,649,297,559,560,0,0,244,316,EOD\r\n'
2021-12-07T11:13:17-0500,b'DATA,651,296,559,560,0,0,233,304,EOD\r\n'
2021-12-07T11:13:27-0500,b'DATA,649,297,559,561,0,0,238,315,EOD\r\n'
2021-12-07T11:13:37-0500,b'DATA,650,296,559,560,0,0,247,323,EOD\r\n'
2021-12-07T11:13:47-0500,b'DATA,650,297,560,560,0,0,240,310,EOD\r\n'
2021-12-07T11:13:57-0500,b'DATA,650,297,559,561,0,0,231,304,EOD\r\n'
2021-12-07T11:14:07-0500,b'DATA,651,297,559,561,0,0,242,321,EOD\r\n'
2021-12-07T11:14:17-0500,b'DATA,650,297,559,560,0,0,246,319,EOD\r\n'
2021-12-07T11:14:27-0500,b'DATA,650,297,559,562,0,0,235,304,EOD\r\n'
2021-12-07T11:14:37-0500,b'DATA,650,297,560,561,0,0,235,311,EOD\r\n'
2021-12-07T11:14:47-0500,b'DATA,651,296,560,559,0,0,246,323,EOD\r\n'
2021-12-07T11:14:57-0500,b'DATA,650,297,558,561,0,0,239,309,EOD\r\n'
2021-12-07T11:15:07-0500,b'DATA,651,297,559,560,0,0,232,303,EOD\r\n'
2021-12-07T11:15:18-0500,b'DATA,651,297,560,561,0,0,233,308,EOD\r\n'
2021-12-07T11:15:27-0500,b'DATA,650,297,560,561,0,0,239,317,EOD\r\n'
2021-12-07T11:15:38-0500,b'DATA,650,297,560,562,0,0,247,322,EOD\r\n'
2021-12-07T11:15:48-0500,b'DATA,650,297,560,561,0,0,238,309,EOD\r\n'
2021-12-07T11:15:58-0500,b'DATA,651,296,560,562,0,0,232,305,EOD\r\n'
2021-12-07T11:16:08-0500,b'DATA,650,297,560,563,0,0,240,319,EOD\r\n'
2021-12-07T11:16:18-0500,b'DATA,651,297,560,561,0,0,246,320,EOD\r\n'
2021-12-07T11:16:28-0500,b'DATA,651,298,559,561,0,0,234,303,EOD\r\n'
2021-12-07T11:16:38-0500,b'DATA,650,298,559,561,0,0,234,311,EOD\r\n'
2021-12-07T11:16:48-0500,b'DATA,651,298,560,561,0,0,245,324,EOD\r\n'
2021-12-07T11:16:58-0500,b'DATA,651,297,559,561,0,0,244,316,EOD\r\n'
2021-12-07T11:17:08-0500,b'DATA,651,297,560,560,0,0,235,304,EOD\r\n'
2021-12-07T11:17:19-0500,b'DATA,651,297,560,561,0,0,232,306,EOD\r\n'
2021-12-07T11:17:28-0500,b'DATA,651,297,560,561,0,0,241,320,EOD\r\n'
2021-12-07T11:17:38-0500,b'DATA,651,297,560,562,0,0,244,317,EOD\r\n'
2021-12-07T11:17:49-0500,b'DATA,650,297,559,560,0,0,234,303,EOD\r\n'
2021-12-07T11:17:59-0500,b'DATA,651,297,560,562,0,0,232,304,EOD\r\n'
2021-12-07T11:18:09-0500,b'DATA,651,297,561,561,0,0,233,308,EOD\r\n'
2021-12-07T11:18:19-0500,b'DATA,651,297,560,562,0,0,236,312,EOD\r\n'
2021-12-07T11:18:29-0500,b'DATA,651,297,560,562,0,0,242,320,EOD\r\n'
2021-12-07T11:18:39-0500,b'DATA,651,297,560,561,0,0,248,323,EOD\r\n'
2021-12-07T11:18:49-0500,b'DATA,652,297,560,560,0,0,238,307,EOD\r\n'
2021-12-07T11:19:00-0500,b'DATA,651,297,560,562,0,0,235,311,EOD\r\n'
2021-12-07T11:19:09-0500,b'DATA,651,297,560,561,0,0,245,317,EOD\r\n'
2021-12-07T11:19:20-0500,b'DATA,651,297,560,562,0,0,232,303,EOD\r\n'
2021-12-07T11:19:30-0500,b'DATA,650,297,559,561,0,0,245,323,EOD\r\n'
2021-12-07T11:19:40-0500,b'DATA,651,297,560,561,0,0,238,307,EOD\r\n'
2021-12-07T11:19:50-0500,b'DATA,652,297,560,561,0,0,235,311,EOD\r\n'
2021-12-07T11:20:00-0500,b'DATA,651,298,560,562,0,0,247,321,EOD\r\n'
2021-12-07T11:20:10-0500,b'DATA,651,297,560,562,0,0,233,303,EOD\r\n'
2021-12-07T11:20:20-0500,b'DATA,651,297,559,563,0,0,240,319,EOD\r\n'
2021-12-07T11:20:30-0500,b'DATA,651,297,559,562,0,0,241,313,EOD\r\n'
2021-12-07T11:20:40-0500,b'DATA,651,297,560,561,0,0,233,307,EOD\r\n'
2021-12-07T11:20:50-0500,b'DATA,651,297,559,562,0,0,244,322,EOD\r\n'
2021-12-07T11:21:00-0500,b'DATA,651,297,561,562,0,0,246,323,EOD\r\n'
2021-12-07T11:21:10-0500,b'DATA,651,297,560,562,0,0,246,323,EOD\r\n'
2021-12-07T11:21:21-0500,b'DATA,651,298,560,561,0,0,246,323,EOD\r\n'
2021-12-07T11:21:31-0500,b'DATA,652,297,560,562,0,0,245,318,EOD\r\n'
2021-12-07T11:21:41-0500,b'DATA,649,297,561,561,0,0,236,305,EOD\r\n'
2021-12-07T11:21:51-0500,b'DATA,648,297,561,562,0,0,233,309,EOD\r\n'
2021-12-07T11:22:01-0500,b'DATA,648,297,561,563,0,0,247,322,EOD\r\n'
2021-12-07T11:22:11-0500,b'DATA,649,298,561,564,0,0,234,303,EOD\r\n'
2021-12-07T11:22:21-0500,b'DATA,648,298,561,563,0,0,237,314,EOD\r\n'
2021-12-07T11:22:31-0500,b'DATA,648,297,560,561,0,0,246,320,EOD\r\n'
2021-12-07T11:22:41-0500,b'DATA,649,298,561,562,0,0,237,307,EOD\r\n'
2021-12-07T11:22:52-0500,b'DATA,648,297,560,563,0,0,232,306,EOD\r\n'
2021-12-07T12:05:02-0500,b'DATA,637,294,550,552,0,0,235,306,EOD\r\n'
2021-12-07T12:05:13-0500,b'DATA,637,295,552,552,0,0,234,308,EOD\r\n'
2021-12-07T12:05:23-0500,b'DATA,637,294,550,552,0,0,236,311,EOD\r\n'
2021-12-07T12:05:34-0500,b'DATA,637,294,550,553,0,0,235,309,EOD\r\n'
2021-12-07T12:05:44-0500,b'DATA,636,294,552,554,0,0,234,306,EOD\r\n'
2021-12-07T12:05:54-0500,b'DATA,636,294,550,552,0,0,237,307,EOD\r\n'
2021-12-07T12:06:04-0500,b'DATA,637,295,551,553,0,0,244,316,EOD\r\n'
2021-12-07T12:06:14-0500,b'DATA,637,294,550,553,0,0,247,320,EOD\r\n'
2021-12-07T12:06:24-0500,b'DATA,638,295,552,553,0,0,248,323,EOD\r\n'
2021-12-07T12:06:34-0500,b'DATA,637,295,551,553,0,0,248,324,EOD\r\n'
2021-12-07T12:06:44-0500,b'DATA,637,294,549,553,0,0,248,325,EOD\r\n'
2021-12-07T12:06:55-0500,b'DATA,638,294,551,554,0,0,248,325,EOD\r\n'
2021-12-07T12:07:04-0500,b'DATA,637,295,551,554,0,0,248,325,EOD\r\n'
2021-12-07T12:07:14-0500,b'DATA,638,295,551,553,0,0,246,321,EOD\r\n'
2021-12-07T12:07:25-0500,b'DATA,638,295,551,554,0,0,244,317,EOD\r\n'
2021-12-07T12:07:35-0500,b'DATA,637,294,549,553,0,0,237,307,EOD\r\n'
2021-12-07T12:07:45-0500,b'DATA,638,294,551,555,0,0,235,307,EOD\r\n'
2021-12-07T12:07:55-0500,b'DATA,638,294,551,552,0,0,234,307,EOD\r\n'
2021-12-07T12:08:05-0500,b'DATA,638,295,552,554,0,0,235,307,EOD\r\n'
2021-12-07T12:08:15-0500,b'DATA,638,295,551,553,0,0,235,306,EOD\r\n'
2021-12-07T12:08:25-0500,b'DATA,639,295,551,554,0,0,234,306,EOD\r\n'
2021-12-07T12:08:35-0500,b'DATA,638,295,552,555,0,0,234,307,EOD\r\n'
2021-12-07T12:08:45-0500,b'DATA,638,295,552,554,0,0,234,307,EOD\r\n'
2021-12-07T12:08:55-0500,b'DATA,639,295,552,554,0,0,234,307,EOD\r\n'
2021-12-07T12:09:05-0500,b'DATA,639,295,552,554,0,0,234,308,EOD\r\n'
2021-12-07T12:09:15-0500,b'DATA,639,295,552,554,0,0,234,309,EOD\r\n'
2021-12-07T12:09:25-0500,b'DATA,639,295,552,554,0,0,234,308,EOD\r\n'
2021-12-07T12:09:36-0500,b'DATA,639,295,551,554,0,0,236,312,EOD\r\n'
2021-12-07T12:09:46-0500,b'DATA,639,295,552,554,0,0,242,321,EOD\r\n'
2021-12-07T12:09:56-0500,b'DATA,640,295,552,553,0,0,246,324,EOD\r\n'
2021-12-07T12:10:06-0500,b'DATA,639,295,551,554,0,0,246,323,EOD\r\n'
2021-12-07T12:10:16-0500,b'DATA,639,295,551,555,0,0,246,322,EOD\r\n'
2021-12-07T12:10:26-0500,b'DATA,639,295,552,554,0,0,246,320,EOD\r\n'
2021-12-07T12:10:36-0500,b'DATA,639,295,552,554,0,0,243,316,EOD\r\n'
2021-12-07T12:10:46-0500,b'DATA,639,295,552,555,0,0,238,307,EOD\r\n'
2021-12-07T12:10:56-0500,b'DATA,639,295,551,555,0,0,234,306,EOD\r\n'
2021-12-07T12:11:07-0500,b'DATA,639,295,552,555,0,0,234,307,EOD\r\n'
2021-12-07T12:11:17-0500,b'DATA,640,295,553,555,0,0,235,310,EOD\r\n'
2021-12-07T12:11:27-0500,b'DATA,640,296,553,556,0,0,238,314,EOD\r\n'
2021-12-07T12:11:37-0500,b'DATA,640,295,551,553,0,0,241,319,EOD\r\n'
2021-12-07T12:11:47-0500,b'DATA,640,295,552,555,0,0,242,319,EOD\r\n'
2021-12-07T12:11:57-0500,b'DATA,640,295,554,555,0,0,244,321,EOD\r\n'
2021-12-07T12:12:07-0500,b'DATA,640,295,552,555,0,0,245,323,EOD\r\n'
2021-12-07T12:12:17-0500,b'DATA,640,296,553,556,0,0,247,322,EOD\r\n'
2021-12-07T12:12:27-0500,b'DATA,640,296,553,554,0,0,246,320,EOD\r\n'
2021-12-07T12:12:37-0500,b'DATA,640,295,553,555,0,0,245,319,EOD\r\n'
2021-12-07T12:12:47-0500,b'DATA,640,295,552,554,0,0,244,318,EOD\r\n'
2021-12-07T12:12:58-0500,b'DATA,639,295,550,553,0,0,243,317,EOD\r\n'
2021-12-07T12:13:08-0500,b'DATA,639,295,548,551,0,0,241,312,EOD\r\n'
2021-12-07T12:13:18-0500,b'DATA,638,294,548,549,0,0,239,310,EOD\r\n'
2021-12-07T12:13:28-0500,b'DATA,637,294,546,547,0,0,240,311,EOD\r\n'
2021-12-07T12:13:38-0500,b'DATA,637,294,545,547,0,0,241,312,EOD\r\n'
2021-12-07T12:13:48-0500,b'DATA,635,294,546,546,0,0,241,312,EOD\r\n'
2021-12-07T12:13:58-0500,b'DATA,635,293,543,543,0,0,240,311,EOD\r\n'
2021-12-07T12:14:08-0500,b'DATA,635,294,541,541,0,0,237,307,EOD\r\n'
2021-12-07T12:14:18-0500,b'DATA,636,294,542,542,0,0,235,307,EOD\r\n'
2021-12-07T12:14:28-0500,b'DATA,636,294,544,541,0,0,234,309,EOD\r\n'
2021-12-07T12:14:38-0500,b'DATA,636,294,544,542,0,0,236,312,EOD\r\n'
2021-12-07T12:14:48-0500,b'DATA,637,294,545,542,0,0,237,314,EOD\r\n'
2021-12-07T12:14:59-0500,b'DATA,637,294,548,543,0,0,238,315,EOD\r\n'
2021-12-07T12:15:09-0500,b'DATA,638,294,547,543,0,0,240,317,EOD\r\n'
2021-12-07T12:15:19-0500,b'DATA,639,294,548,543,0,0,241,319,EOD\r\n'
2021-12-07T12:15:29-0500,b'DATA,638,294,547,543,0,0,244,323,EOD\r\n'
2021-12-07T12:15:39-0500,b'DATA,637,294,546,542,0,0,248,326,EOD\r\n'
2021-12-07T12:15:49-0500,b'DATA,638,294,547,543,0,0,246,319,EOD\r\n'
2021-12-07T12:15:59-0500,b'DATA,638,294,548,543,0,0,238,309,EOD\r\n'
2021-12-07T12:16:09-0500,b'DATA,639,294,548,543,0,0,236,312,EOD\r\n'
2021-12-07T12:16:19-0500,b'DATA,640,294,548,543,0,0,247,325,EOD\r\n'
2021-12-07T12:16:29-0500,b'DATA,639,295,550,544,0,0,243,314,EOD\r\n'
2021-12-07T12:16:39-0500,b'DATA,640,295,550,545,0,0,234,308,EOD\r\n'
2021-12-07T12:16:50-0500,b'DATA,640,295,551,545,0,0,241,320,EOD\r\n'
2021-12-07T12:17:00-0500,b'DATA,641,295,551,546,0,0,248,325,EOD\r\n'
2021-12-07T12:17:10-0500,b'DATA,641,295,551,545,0,0,242,315,EOD\r\n'
2021-12-07T12:17:20-0500,b'DATA,641,296,551,546,0,0,234,308,EOD\r\n'
2021-12-07T12:17:30-0500,b'DATA,642,295,552,547,0,0,243,322,EOD\r\n'
2021-12-07T12:17:40-0500,b'DATA,642,295,552,547,0,0,247,320,EOD\r\n'
2021-12-07T12:17:50-0500,b'DATA,642,296,551,548,0,0,237,307,EOD\r\n'
2021-12-07T12:18:00-0500,b'DATA,642,296,553,548,0,0,235,311,EOD\r\n'
2021-12-07T12:18:10-0500,b'DATA,643,296,554,549,0,0,240,319,EOD\r\n'
2021-12-07T12:18:20-0500,b'DATA,642,296,555,549,0,0,244,324,EOD\r\n'
2021-12-07T12:18:30-0500,b'DATA,643,296,554,550,0,0,247,326,EOD\r\n'
2021-12-07T12:18:40-0500,b'DATA,644,296,554,550,0,0,247,321,EOD\r\n'
2021-12-07T12:18:51-0500,b'DATA,644,297,553,550,0,0,237,308,EOD\r\n'
2021-12-07T12:19:01-0500,b'DATA,644,296,554,551,0,0,237,313,EOD\r\n'
2021-12-07T12:19:11-0500,b'DATA,644,296,554,551,0,0,247,326,EOD\r\n'
2021-12-07T12:19:21-0500,b'DATA,645,297,554,551,0,0,246,319,EOD\r\n'
2021-12-07T12:19:31-0500,b'DATA,645,297,555,553,0,0,235,308,EOD\r\n'
2021-12-07T12:19:41-0500,b'DATA,644,296,555,554,0,0,247,326,EOD\r\n'
2021-12-07T12:19:51-0500,b'DATA,645,297,555,552,0,0,244,317,EOD\r\n'
2021-12-07T12:20:01-0500,b'DATA,646,297,556,554,0,0,236,311,EOD\r\n'
2021-12-07T12:20:11-0500,b'DATA,645,297,555,553,0,0,248,326,EOD\r\n'
2021-12-07T12:20:22-0500,b'DATA,646,297,555,554,0,0,237,308,EOD\r\n'
2021-12-07T12:20:31-0500,b'DATA,646,297,556,553,0,0,243,322,EOD\r\n'
2021-12-07T12:20:41-0500,b'DATA,647,297,556,553,0,0,245,318,EOD\r\n'
2021-12-07T12:20:52-0500,b'DATA,647,298,556,554,0,0,235,308,EOD\r\n'
2021-12-07T12:21:02-0500,b'DATA,647,297,557,555,0,0,246,325,EOD\r\n'
2021-12-07T12:21:12-0500,b'DATA,647,297,556,554,0,0,244,316,EOD\r\n'
2021-12-07T12:21:22-0500,b'DATA,647,297,557,554,0,0,235,310,EOD\r\n'
2021-12-07T12:21:32-0500,b'DATA,648,297,557,554,0,0,247,326,EOD\r\n'
2021-12-07T12:21:42-0500,b'DATA,648,298,557,555,0,0,242,313,EOD\r\n'
2021-12-07T12:21:52-0500,b'DATA,648,297,558,555,0,0,238,315,EOD\r\n'
2021-12-07T12:22:02-0500,b'DATA,648,298,557,554,0,0,249,324,EOD\r\n'
2021-12-07T12:22:12-0500,b'DATA,649,298,556,555,0,0,237,308,EOD\r\n'
2021-12-07T12:22:22-0500,b'DATA,649,298,558,555,0,0,238,315,EOD\r\n'
2021-12-07T12:22:32-0500,b'DATA,649,299,557,555,0,0,248,327,EOD\r\n'
2021-12-07T12:22:42-0500,b'DATA,650,298,558,555,0,0,244,316,EOD\r\n'
2021-12-07T12:22:53-0500,b'DATA,650,298,558,556,0,0,235,309,EOD\r\n'
2021-12-07T12:23:03-0500,b'DATA,650,298,558,556,0,0,242,321,EOD\r\n'
2021-12-07T12:23:13-0500,b'DATA,650,298,559,555,0,0,249,326,EOD\r\n'
2021-12-07T12:23:23-0500,b'DATA,650,299,559,556,0,0,245,318,EOD\r\n'
2021-12-07T12:23:33-0500,b'DATA,651,299,560,556,0,0,236,308,EOD\r\n'
2021-12-07T12:23:43-0500,b'DATA,652,299,559,556,0,0,243,322,EOD\r\n'
2021-12-07T12:23:53-0500,b'DATA,651,299,559,557,0,0,247,320,EOD\r\n'
2021-12-07T12:24:03-0500,b'DATA,652,299,560,556,0,0,235,308,EOD\r\n'
2021-12-07T12:24:14-0500,b'DATA,653,299,560,557,0,0,243,322,EOD\r\n'
2021-12-07T12:24:23-0500,b'DATA,652,299,560,556,0,0,248,322,EOD\r\n'
2021-12-07T12:24:33-0500,b'DATA,653,299,560,557,0,0,239,310,EOD\r\n'
2021-12-07T12:24:43-0500,b'DATA,654,299,560,557,0,0,235,308,EOD\r\n'
2021-12-07T12:24:54-0500,b'DATA,654,300,561,557,0,0,237,313,EOD\r\n'
2021-12-07T12:25:04-0500,b'DATA,654,299,560,557,0,0,243,322,EOD\r\n'
2021-12-07T12:25:14-0500,b'DATA,654,300,561,557,0,0,249,326,EOD\r\n'
2021-12-07T12:25:24-0500,b'DATA,655,299,562,556,0,0,245,318,EOD\r\n'
2021-12-07T12:25:34-0500,b'DATA,654,299,561,557,0,0,236,308,EOD\r\n'
2021-12-07T12:25:44-0500,b'DATA,655,300,561,558,0,0,239,316,EOD\r\n'
2021-12-07T12:25:54-0500,b'DATA,655,300,561,558,0,0,248,326,EOD\r\n'
2021-12-07T12:26:04-0500,b'DATA,656,300,563,558,0,0,245,317,EOD\r\n'
2021-12-07T12:26:14-0500,b'DATA,656,300,562,558,0,0,237,308,EOD\r\n'
2021-12-07T12:26:24-0500,b'DATA,656,301,563,558,0,0,235,306,EOD\r\n'
2021-12-07T12:26:34-0500,b'DATA,657,301,562,557,0,0,235,307,EOD\r\n'
2021-12-07T12:26:45-0500,b'DATA,656,300,563,559,0,0,235,308,EOD\r\n'
2021-12-07T12:26:55-0500,b'DATA,657,301,563,558,0,0,235,308,EOD\r\n'
2021-12-07T12:27:05-0500,b'DATA,657,300,563,559,0,0,236,311,EOD\r\n'
2021-12-07T12:27:15-0500,b'DATA,658,300,562,559,0,0,239,315,EOD\r\n'
2021-12-07T12:27:25-0500,b'DATA,657,301,563,559,0,0,242,320,EOD\r\n'
2021-12-07T12:27:35-0500,b'DATA,658,301,564,559,0,0,247,326,EOD\r\n'
2021-12-07T12:27:45-0500,b'DATA,658,301,564,559,0,0,248,324,EOD\r\n'
2021-12-07T12:27:55-0500,b'DATA,658,301,563,560,0,0,245,319,EOD\r\n'
2021-12-07T12:28:05-0500,b'DATA,658,301,564,559,0,0,243,316,EOD\r\n'
2021-12-07T12:28:15-0500,b'DATA,659,301,564,559,0,0,236,307,EOD\r\n'
2021-12-07T12:28:25-0500,b'DATA,659,301,564,559,0,0,237,313,EOD\r\n'
2021-12-07T12:28:35-0500,b'DATA,659,301,564,562,0,0,246,326,EOD\r\n'
2021-12-07T12:28:46-0500,b'DATA,659,301,564,560,0,0,249,325,EOD\r\n'
2021-12-07T12:28:56-0500,b'DATA,659,301,565,560,0,0,247,321,EOD\r\n'
2021-12-07T12:29:06-0500,b'DATA,659,301,565,560,0,0,244,317,EOD\r\n'
2021-12-07T12:29:16-0500,b'DATA,660,301,566,560,0,0,239,310,EOD\r\n'
2021-12-07T12:29:26-0500,b'DATA,660,301,565,561,0,0,235,308,EOD\r\n'
2021-12-07T12:29:36-0500,b'DATA,660,301,565,560,0,0,240,317,EOD\r\n'
2021-12-07T12:29:46-0500,b'DATA,660,302,567,562,0,0,246,325,EOD\r\n'
2021-12-07T12:29:56-0500,b'DATA,661,302,565,561,0,0,248,326,EOD\r\n'
2021-12-07T12:30:06-0500,b'DATA,661,302,566,561,0,0,248,326,EOD\r\n'
2021-12-07T12:30:16-0500,b'DATA,662,302,566,561,0,0,248,325,EOD\r\n'
2021-12-07T12:30:27-0500,b'DATA,661,302,566,560,0,0,248,325,EOD\r\n'
2021-12-07T12:30:37-0500,b'DATA,662,302,567,560,0,0,248,325,EOD\r\n'
2021-12-07T12:30:47-0500,b'DATA,661,302,566,561,0,0,248,325,EOD\r\n'
2021-12-07T12:30:57-0500,b'DATA,662,302,566,562,0,0,248,326,EOD\r\n'
2021-12-07T12:31:07-0500,b'DATA,662,302,567,561,0,0,245,325,EOD\r\n'
2021-12-07T12:31:17-0500,b'DATA,662,302,568,561,0,0,242,321,EOD\r\n'
2021-12-07T12:31:27-0500,b'DATA,662,302,567,563,0,0,240,317,EOD\r\n'
2021-12-07T12:31:37-0500,b'DATA,662,302,567,562,0,0,239,316,EOD\r\n'
2021-12-07T12:31:47-0500,b'DATA,661,302,567,562,0,0,241,319,EOD\r\n'
2021-12-07T12:31:57-0500,b'DATA,662,302,567,562,0,0,241,320,EOD\r\n'
2021-12-07T12:32:07-0500,b'DATA,661,302,566,563,0,0,241,320,EOD\r\n'
2021-12-07T12:32:17-0500,b'DATA,662,302,566,562,0,0,240,318,EOD\r\n'
2021-12-07T12:32:28-0500,b'DATA,661,302,568,561,0,0,238,314,EOD\r\n'
2021-12-07T12:32:38-0500,b'DATA,662,302,566,562,0,0,236,312,EOD\r\n'
2021-12-07T12:32:48-0500,b'DATA,662,302,567,562,0,0,235,310,EOD\r\n'
2021-12-07T12:32:58-0500,b'DATA,662,302,567,563,0,0,234,307,EOD\r\n'
2021-12-07T12:33:08-0500,b'DATA,662,303,567,562,0,0,235,307,EOD\r\n'
2021-12-07T12:33:18-0500,b'DATA,661,302,567,563,0,0,237,307,EOD\r\n'
2021-12-07T12:33:28-0500,b'DATA,661,302,568,561,0,0,239,310,EOD\r\n'
2021-12-07T12:33:38-0500,b'DATA,662,301,567,562,0,0,242,313,EOD\r\n'
2021-12-07T12:33:48-0500,b'DATA,662,302,567,564,0,0,241,312,EOD\r\n'
2021-12-07T12:33:58-0500,b'DATA,662,303,569,564,0,0,240,311,EOD\r\n'
2021-12-07T12:34:09-0500,b'DATA,662,302,569,563,0,0,236,307,EOD\r\n'
2021-12-07T12:34:19-0500,b'DATA,662,302,568,563,0,0,235,307,EOD\r\n'
2021-12-07T12:34:29-0500,b'DATA,662,303,568,563,0,0,234,307,EOD\r\n'
2021-12-07T12:34:39-0500,b'DATA,662,303,567,564,0,0,235,308,EOD\r\n'
2021-12-07T12:34:49-0500,b'DATA,662,302,568,563,0,0,234,308,EOD\r\n'
2021-12-07T12:34:59-0500,b'DATA,662,303,569,563,0,0,235,308,EOD\r\n'
2021-12-07T12:35:09-0500,b'DATA,662,303,568,563,0,0,235,307,EOD\r\n'
2021-12-07T12:35:19-0500,b'DATA,662,302,570,563,0,0,236,307,EOD\r\n'
2021-12-07T12:35:29-0500,b'DATA,662,303,568,563,0,0,237,307,EOD\r\n'
2021-12-07T12:35:39-0500,b'DATA,662,303,568,564,0,0,236,307,EOD\r\n'
2021-12-07T12:35:49-0500,b'DATA,663,302,569,563,0,0,236,307,EOD\r\n'
2021-12-07T12:35:59-0500,b'DATA,663,303,568,563,0,0,235,307,EOD\r\n'
2021-12-07T12:36:10-0500,b'DATA,663,303,569,564,0,0,235,308,EOD\r\n'
2021-12-07T12:36:20-0500,b'DATA,664,303,568,564,0,0,235,309,EOD\r\n'
2021-12-07T12:36:30-0500,b'DATA,663,303,569,563,0,0,237,312,EOD\r\n'
2021-12-07T12:36:40-0500,b'DATA,663,303,569,564,0,0,243,322,EOD\r\n'
2021-12-07T12:36:50-0500,b'DATA,663,303,569,564,0,0,246,323,EOD\r\n'
2021-12-07T12:37:00-0500,b'DATA,664,303,568,564,0,0,246,319,EOD\r\n'
2021-12-07T12:37:10-0500,b'DATA,664,304,568,563,0,0,238,308,EOD\r\n'
2021-12-07T12:37:20-0500,b'DATA,664,303,569,564,0,0,236,311,EOD\r\n'
2021-12-07T12:37:30-0500,b'DATA,666,303,570,564,0,0,247,323,EOD\r\n'
2021-12-07T12:37:40-0500,b'DATA,665,304,570,564,0,0,241,312,EOD\r\n'
2021-12-07T12:37:51-0500,b'DATA,666,304,571,563,0,0,235,307,EOD\r\n'
2021-12-07T12:38:01-0500,b'DATA,666,304,570,564,0,0,235,309,EOD\r\n'
2021-12-07T12:38:10-0500,b'DATA,666,304,571,564,0,0,235,309,EOD\r\n'
2021-12-07T12:38:21-0500,b'DATA,667,304,571,564,0,0,235,309,EOD\r\n'
2021-12-07T12:38:30-0500,b'DATA,667,304,571,565,0,0,235,309,EOD\r\n'
2021-12-07T12:38:41-0500,b'DATA,667,304,571,564,0,0,236,312,EOD\r\n'
2021-12-07T12:38:51-0500,b'DATA,668,304,570,563,0,0,243,321,EOD\r\n'
2021-12-07T12:39:01-0500,b'DATA,667,304,571,566,0,0,246,320,EOD\r\n'
2021-12-07T12:39:11-0500,b'DATA,668,304,571,566,0,0,236,306,EOD\r\n'
2021-12-07T12:39:21-0500,b'DATA,668,304,572,565,0,0,239,317,EOD\r\n'
2021-12-07T12:39:31-0500,b'DATA,668,305,572,565,0,0,246,320,EOD\r\n'
2021-12-07T12:39:41-0500,b'DATA,668,305,571,566,0,0,237,307,EOD\r\n'
2021-12-07T12:39:51-0500,b'DATA,669,305,572,565,0,0,235,309,EOD\r\n'
2021-12-07T12:40:02-0500,b'DATA,670,305,572,566,0,0,237,312,EOD\r\n'
2021-12-07T12:40:12-0500,b'DATA,669,305,572,566,0,0,237,312,EOD\r\n'
2021-12-07T12:40:21-0500,b'DATA,669,305,573,566,0,0,236,311,EOD\r\n'
2021-12-07T12:40:32-0500,b'DATA,670,305,573,566,0,0,235,310,EOD\r\n'
2021-12-07T12:40:42-0500,b'DATA,670,305,574,565,0,0,235,310,EOD\r\n'
2021-12-07T12:40:52-0500,b'DATA,670,305,574,568,0,0,236,311,EOD\r\n'
2021-12-07T12:41:02-0500,b'DATA,671,305,574,565,0,0,238,315,EOD\r\n'
2021-12-07T12:41:12-0500,b'DATA,671,305,574,566,0,0,245,323,EOD\r\n'
2021-12-07T12:41:22-0500,b'DATA,671,305,574,566,0,0,244,317,EOD\r\n'
2021-12-07T12:41:32-0500,b'DATA,671,306,574,567,0,0,234,307,EOD\r\n'
2021-12-07T12:41:42-0500,b'DATA,671,306,574,567,0,0,245,323,EOD\r\n'
2021-12-07T12:41:52-0500,b'DATA,672,305,574,567,0,0,243,316,EOD\r\n'
2021-12-07T12:42:02-0500,b'DATA,672,306,574,568,0,0,234,307,EOD\r\n'
2021-12-07T12:42:13-0500,b'DATA,672,305,574,567,0,0,244,322,EOD\r\n'
2021-12-07T12:42:23-0500,b'DATA,672,305,575,567,0,0,243,316,EOD\r\n'
2021-12-07T12:42:33-0500,b'DATA,673,306,576,567,0,0,235,308,EOD\r\n'
2021-12-07T12:42:43-0500,b'DATA,673,306,575,568,0,0,245,322,EOD\r\n'
2021-12-07T12:42:53-0500,b'DATA,673,306,574,567,0,0,242,313,EOD\r\n'
2021-12-07T12:43:03-0500,b'DATA,673,306,576,568,0,0,234,306,EOD\r\n'
2021-12-07T12:43:13-0500,b'DATA,673,306,576,568,0,0,236,312,EOD\r\n'
2021-12-07T12:43:23-0500,b'DATA,673,306,576,568,0,0,245,322,EOD\r\n'
2021-12-07T12:43:33-0500,b'DATA,674,306,575,569,0,0,245,318,EOD\r\n'
2021-12-07T12:43:43-0500,b'DATA,674,307,578,568,0,0,237,308,EOD\r\n'
2021-12-07T12:43:54-0500,b'DATA,674,307,576,568,0,0,234,306,EOD\r\n'
2021-12-07T12:44:03-0500,b'DATA,675,307,577,569,0,0,234,307,EOD\r\n'
2021-12-07T12:44:14-0500,b'DATA,674,307,576,569,0,0,235,308,EOD\r\n'
2021-12-07T12:44:24-0500,b'DATA,676,306,577,569,0,0,241,319,EOD\r\n'
2021-12-07T12:44:34-0500,b'DATA,675,306,577,569,0,0,246,319,EOD\r\n'
2021-12-07T12:44:44-0500,b'DATA,676,306,577,569,0,0,237,307,EOD\r\n'
2021-12-07T12:44:54-0500,b'DATA,676,306,577,569,0,0,235,310,EOD\r\n'
2021-12-07T12:45:04-0500,b'DATA,676,307,577,569,0,0,239,316,EOD\r\n'
2021-12-07T12:45:14-0500,b'DATA,676,307,578,569,0,0,244,323,EOD\r\n'
2021-12-07T12:45:24-0500,b'DATA,676,307,576,569,0,0,245,322,EOD\r\n'
2021-12-07T12:45:34-0500,b'DATA,677,307,577,568,0,0,246,322,EOD\r\n'
2021-12-07T12:45:44-0500,b'DATA,677,307,577,570,0,0,246,322,EOD\r\n'
2021-12-07T12:45:54-0500,b'DATA,677,307,577,569,0,0,246,321,EOD\r\n'
2021-12-07T12:46:04-0500,b'DATA,677,307,578,570,0,0,247,322,EOD\r\n'
2021-12-07T12:46:15-0500,b'DATA,678,307,578,569,0,0,245,319,EOD\r\n'
2021-12-07T12:46:25-0500,b'DATA,677,307,578,569,0,0,243,316,EOD\r\n'
2021-12-07T12:46:35-0500,b'DATA,678,307,578,570,0,0,240,310,EOD\r\n'
2021-12-07T12:46:45-0500,b'DATA,678,308,579,570,0,0,237,307,EOD\r\n'
2021-12-07T12:46:55-0500,b'DATA,678,307,578,570,0,0,236,306,EOD\r\n'
2021-12-07T12:47:05-0500,b'DATA,678,308,579,570,0,0,235,306,EOD\r\n'
2021-12-07T12:47:15-0500,b'DATA,679,308,579,569,0,0,234,305,EOD\r\n'
2021-12-07T12:47:25-0500,b'DATA,678,308,580,571,0,0,234,306,EOD\r\n'
2021-12-07T12:47:35-0500,b'DATA,679,308,581,570,0,0,235,310,EOD\r\n'
2021-12-07T12:47:46-0500,b'DATA,679,307,579,572,0,0,243,321,EOD\r\n'
2021-12-07T12:47:56-0500,b'DATA,680,308,580,571,0,0,246,320,EOD\r\n'
2021-12-07T12:48:06-0500,b'DATA,679,309,579,570,0,0,244,317,EOD\r\n'
2021-12-07T12:48:16-0500,b'DATA,680,308,580,571,0,0,244,318,EOD\r\n'
2021-12-07T12:48:26-0500,b'DATA,679,308,580,571,0,0,246,319,EOD\r\n'
2021-12-07T12:48:36-0500,b'DATA,680,308,580,571,0,0,246,322,EOD\r\n'
2021-12-07T12:48:46-0500,b'DATA,680,309,580,573,0,0,246,322,EOD\r\n'
2021-12-07T12:48:56-0500,b'DATA,680,309,580,570,0,0,246,320,EOD\r\n'
2021-12-07T12:49:06-0500,b'DATA,680,309,582,571,0,0,242,313,EOD\r\n'
2021-12-07T12:49:16-0500,b'DATA,680,308,581,571,0,0,234,308,EOD\r\n'
2021-12-07T12:49:26-0500,b'DATA,680,309,580,571,0,0,244,322,EOD\r\n'
2021-12-07T12:49:36-0500,b'DATA,680,309,580,572,0,0,243,316,EOD\r\n'
2021-12-07T12:49:47-0500,b'DATA,681,308,581,572,0,0,236,306,EOD\r\n'
2021-12-07T12:49:57-0500,b'DATA,681,308,581,573,0,0,234,307,EOD\r\n'
2021-12-07T12:50:07-0500,b'DATA,681,309,580,571,0,0,235,310,EOD\r\n'
2021-12-07T12:50:17-0500,b'DATA,681,309,581,571,0,0,237,313,EOD\r\n'
2021-12-07T12:50:27-0500,b'DATA,681,308,581,573,0,0,244,322,EOD\r\n'
2021-12-07T12:50:37-0500,b'DATA,681,308,581,572,0,0,246,320,EOD\r\n'
2021-12-07T12:50:47-0500,b'DATA,681,308,582,572,0,0,240,311,EOD\r\n'
2021-12-07T12:50:57-0500,b'DATA,682,309,581,572,0,0,234,307,EOD\r\n'
2021-12-07T12:51:07-0500,b'DATA,683,309,581,573,0,0,240,318,EOD\r\n'
2021-12-07T12:51:17-0500,b'DATA,683,309,582,572,0,0,245,319,EOD\r\n'
2021-12-07T12:51:27-0500,b'DATA,683,309,581,573,0,0,234,306,EOD\r\n'
2021-12-07T12:51:37-0500,b'DATA,682,309,582,574,0,0,240,317,EOD\r\n'
2021-12-07T12:51:48-0500,b'DATA,682,309,582,573,0,0,245,318,EOD\r\n'
2021-12-07T12:51:58-0500,b'DATA,683,309,582,571,0,0,245,318,EOD\r\n'
2021-12-07T12:52:08-0500,b'DATA,682,309,581,572,0,0,245,318,EOD\r\n'
2021-12-07T12:52:18-0500,b'DATA,683,309,581,572,0,0,246,320,EOD\r\n'
2021-12-07T12:52:28-0500,b'DATA,682,309,581,572,0,0,246,320,EOD\r\n'
2021-12-07T12:52:38-0500,b'DATA,683,309,582,572,0,0,246,320,EOD\r\n'
2021-12-07T12:52:48-0500,b'DATA,683,310,581,573,0,0,246,319,EOD\r\n'
2021-12-07T12:52:59-0500,b'DATA,682,309,581,572,0,0,244,317,EOD\r\n'
2021-12-07T12:53:08-0500,b'DATA,683,310,582,572,0,0,242,313,EOD\r\n'
2021-12-07T12:53:19-0500,b'DATA,682,309,582,573,0,0,236,307,EOD\r\n'
2021-12-07T12:53:28-0500,b'DATA,683,309,582,573,0,0,235,310,EOD\r\n'
2021-12-07T12:53:38-0500,b'DATA,683,310,581,572,0,0,238,315,EOD\r\n'
2021-12-07T12:53:48-0500,b'DATA,683,309,581,574,0,0,239,316,EOD\r\n'
2021-12-07T12:53:59-0500,b'DATA,683,309,581,572,0,0,238,313,EOD\r\n'
2021-12-07T12:54:09-0500,b'DATA,683,309,581,572,0,0,237,313,EOD\r\n'
2021-12-07T12:54:19-0500,b'DATA,683,309,581,573,0,0,237,313,EOD\r\n'
2021-12-07T12:54:29-0500,b'DATA,683,309,581,573,0,0,238,315,EOD\r\n'
2021-12-07T12:54:39-0500,b'DATA,683,309,581,571,0,0,244,323,EOD\r\n'
2021-12-07T12:54:49-0500,b'DATA,683,309,581,572,0,0,245,324,EOD\r\n'
2021-12-07T12:54:59-0500,b'DATA,683,309,581,571,0,0,243,321,EOD\r\n'
2021-12-07T12:55:09-0500,b'DATA,683,309,581,572,0,0,242,321,EOD\r\n'
2021-12-07T12:55:19-0500,b'DATA,683,309,581,573,0,0,242,321,EOD\r\n'
2021-12-07T12:55:30-0500,b'DATA,684,309,581,572,0,0,242,321,EOD\r\n'
2021-12-07T12:55:39-0500,b'DATA,683,309,580,572,0,0,245,324,EOD\r\n'
2021-12-07T12:55:49-0500,b'DATA,683,309,581,572,0,0,246,324,EOD\r\n'
2021-12-07T12:56:00-0500,b'DATA,683,310,582,572,0,0,247,324,EOD\r\n'
2021-12-07T12:56:10-0500,b'DATA,684,310,582,572,0,0,247,324,EOD\r\n'
2021-12-07T12:56:20-0500,b'DATA,684,309,583,572,0,0,247,325,EOD\r\n'
2021-12-07T12:56:30-0500,b'DATA,683,309,582,572,0,0,244,323,EOD\r\n'
2021-12-07T12:56:40-0500,b'DATA,683,310,582,571,0,0,243,322,EOD\r\n'
2021-12-07T12:56:50-0500,b'DATA,683,310,582,572,0,0,243,322,EOD\r\n'
2021-12-07T12:57:00-0500,b'DATA,683,310,582,572,0,0,243,322,EOD\r\n'
2021-12-07T12:57:10-0500,b'DATA,682,309,581,572,0,0,244,323,EOD\r\n'
2021-12-07T12:57:20-0500,b'DATA,683,309,582,572,0,0,245,323,EOD\r\n'
2021-12-07T12:57:30-0500,b'DATA,683,309,582,573,0,0,244,323,EOD\r\n'
2021-12-07T12:57:40-0500,b'DATA,682,309,582,573,0,0,242,321,EOD\r\n'
2021-12-07T12:57:51-0500,b'DATA,683,309,581,572,0,0,238,315,EOD\r\n'
2021-12-07T12:58:01-0500,b'DATA,683,309,582,572,0,0,237,313,EOD\r\n'
2021-12-07T12:58:11-0500,b'DATA,683,309,581,572,0,0,237,312,EOD\r\n'
2021-12-07T12:58:21-0500,b'DATA,682,309,581,572,0,0,236,312,EOD\r\n'
2021-12-07T12:58:31-0500,b'DATA,683,309,581,572,0,0,237,313,EOD\r\n'
2021-12-07T12:58:41-0500,b'DATA,682,309,581,572,0,0,237,314,EOD\r\n'
2021-12-07T12:58:51-0500,b'DATA,683,309,581,572,0,0,238,315,EOD\r\n'
2021-12-07T12:59:02-0500,b'DATA,682,309,581,571,0,0,239,317,EOD\r\n'
2021-12-07T12:59:11-0500,b'DATA,682,309,581,572,0,0,241,320,EOD\r\n'
2021-12-07T12:59:21-0500,b'DATA,682,309,581,571,0,0,244,324,EOD\r\n'
2021-12-07T12:59:32-0500,b'DATA,683,309,581,573,0,0,246,325,EOD\r\n'
2021-12-07T12:59:42-0500,b'DATA,682,309,583,572,0,0,247,322,EOD\r\n'
2021-12-07T12:59:51-0500,b'DATA,681,308,581,572,0,0,246,318,EOD\r\n'
2021-12-07T13:00:02-0500,b'DATA,680,309,580,572,0,0,245,317,EOD\r\n'
2021-12-07T13:00:12-0500,b'DATA,681,309,580,571,0,0,247,321,EOD\r\n'
2021-12-07T13:00:22-0500,b'DATA,681,308,582,572,0,0,248,324,EOD\r\n'
2021-12-07T13:00:32-0500,b'DATA,681,308,580,571,0,0,248,326,EOD\r\n'
2021-12-07T13:00:42-0500,b'DATA,681,308,580,570,0,0,240,317,EOD\r\n'
2021-12-07T13:00:52-0500,b'DATA,680,309,580,571,0,0,236,311,EOD\r\n'
2021-12-07T13:01:02-0500,b'DATA,680,308,580,572,0,0,238,310,EOD\r\n'
2021-12-07T13:01:12-0500,b'DATA,680,309,580,570,0,0,246,320,EOD\r\n'
2021-12-07T13:01:22-0500,b'DATA,681,309,580,570,0,0,248,324,EOD\r\n'
2021-12-07T13:01:33-0500,b'DATA,680,309,580,571,0,0,248,325,EOD\r\n'
2021-12-07T13:01:43-0500,b'DATA,681,308,579,570,0,0,248,324,EOD\r\n'
2021-12-07T13:01:53-0500,b'DATA,680,308,580,570,0,0,248,324,EOD\r\n'
2021-12-07T13:02:03-0500,b'DATA,680,308,580,571,0,0,247,322,EOD\r\n'
2021-12-07T13:02:13-0500,b'DATA,680,308,580,571,0,0,245,319,EOD\r\n'
2021-12-07T13:02:23-0500,b'DATA,680,308,579,570,0,0,238,309,EOD\r\n'
2021-12-07T13:02:33-0500,b'DATA,680,309,579,571,0,0,236,310,EOD\r\n'
2021-12-07T13:02:43-0500,b'DATA,680,308,581,571,0,0,240,318,EOD\r\n'
2021-12-07T13:02:53-0500,b'DATA,679,308,581,571,0,0,246,325,EOD\r\n'
2021-12-07T13:03:03-0500,b'DATA,681,308,581,571,0,0,248,325,EOD\r\n'
2021-12-07T13:03:13-0500,b'DATA,680,308,580,570,0,0,248,325,EOD\r\n'
2021-12-07T13:03:23-0500,b'DATA,680,309,581,572,0,0,247,322,EOD\r\n'
2021-12-07T13:03:34-0500,b'DATA,680,308,581,570,0,0,246,319,EOD\r\n'
2021-12-07T13:03:44-0500,b'DATA,679,308,579,570,0,0,245,319,EOD\r\n'
2021-12-07T13:03:54-0500,b'DATA,680,308,579,570,0,0,246,320,EOD\r\n'
2021-12-07T13:04:04-0500,b'DATA,680,308,580,569,0,0,246,322,EOD\r\n'
2021-12-07T13:04:14-0500,b'DATA,680,308,579,569,0,0,245,319,EOD\r\n'
2021-12-07T13:04:24-0500,b'DATA,681,309,580,568,0,0,240,310,EOD\r\n'
2021-12-07T13:04:34-0500,b'DATA,681,309,581,570,0,0,236,311,EOD\r\n'
2021-12-07T13:04:44-0500,b'DATA,680,309,582,571,0,0,246,324,EOD\r\n'
2021-12-07T13:04:54-0500,b'DATA,681,308,582,571,0,0,245,319,EOD\r\n'
2021-12-07T13:05:04-0500,b'DATA,681,309,581,570,0,0,235,308,EOD\r\n'
2021-12-07T13:05:14-0500,b'DATA,681,309,582,570,0,0,239,315,EOD\r\n'
2021-12-07T13:05:24-0500,b'DATA,681,309,582,571,0,0,247,324,EOD\r\n'
2021-12-07T13:05:35-0500,b'DATA,681,309,582,571,0,0,239,310,EOD\r\n'
2021-12-07T13:05:45-0500,b'DATA,681,309,582,570,0,0,237,314,EOD\r\n'
2021-12-07T13:05:55-0500,b'DATA,681,309,582,570,0,0,246,323,EOD\r\n'
2021-12-07T13:06:05-0500,b'DATA,681,308,582,571,0,0,241,312,EOD\r\n'
2021-12-07T13:06:15-0500,b'DATA,682,309,582,571,0,0,235,308,EOD\r\n'
2021-12-07T13:06:25-0500,b'DATA,682,310,583,570,0,0,237,313,EOD\r\n'
2021-12-07T13:06:35-0500,b'DATA,681,309,583,571,0,0,239,317,EOD\r\n'
2021-12-07T13:06:45-0500,b'DATA,681,309,583,571,0,0,240,317,EOD\r\n'
2021-12-07T13:06:55-0500,b'DATA,682,309,583,571,0,0,238,315,EOD\r\n'
2021-12-07T13:07:05-0500,b'DATA,682,309,582,571,0,0,236,313,EOD\r\n'
2021-12-07T13:07:15-0500,b'DATA,682,309,583,572,0,0,236,311,EOD\r\n'
2021-12-07T13:07:25-0500,b'DATA,682,309,584,573,0,0,236,311,EOD\r\n'
2021-12-07T13:07:36-0500,b'DATA,682,309,583,572,0,0,237,313,EOD\r\n'
2021-12-07T13:07:47-0500,b'DATA,681,309,584,572,0,0,238,314,EOD\r\n'
2021-12-07T13:07:56-0500,b'DATA,682,309,583,572,0,0,241,320,EOD\r\n'
2021-12-07T13:08:06-0500,b'DATA,683,309,583,572,0,0,245,324,EOD\r\n'
2021-12-07T13:08:16-0500,b'DATA,682,309,583,572,0,0,246,324,EOD\r\n'
2021-12-07T13:08:26-0500,b'DATA,682,309,583,572,0,0,246,324,EOD\r\n'
2021-12-07T13:08:36-0500,b'DATA,682,309,583,572,0,0,246,324,EOD\r\n'
2021-12-07T13:08:46-0500,b'DATA,682,308,583,573,0,0,244,324,EOD\r\n'
2021-12-07T13:08:56-0500,b'DATA,682,309,583,573,0,0,243,322,EOD\r\n'
2021-12-07T13:09:06-0500,b'DATA,682,309,583,572,0,0,241,319,EOD\r\n'
2021-12-07T13:09:16-0500,b'DATA,682,310,582,573,0,0,238,315,EOD\r\n'
2021-12-07T13:09:27-0500,b'DATA,682,309,583,572,0,0,236,312,EOD\r\n'
2021-12-07T13:09:37-0500,b'DATA,682,309,583,573,0,0,235,308,EOD\r\n'
2021-12-07T13:09:47-0500,b'DATA,682,309,583,573,0,0,236,307,EOD\r\n'
2021-12-07T13:09:57-0500,b'DATA,682,309,583,573,0,0,240,310,EOD\r\n'
2021-12-07T13:10:07-0500,b'DATA,681,309,583,573,0,0,242,313,EOD\r\n'
2021-12-07T13:10:17-0500,b'DATA,681,309,583,573,0,0,244,316,EOD\r\n'
2021-12-07T13:10:27-0500,b'DATA,681,309,582,573,0,0,243,314,EOD\r\n'
2021-12-07T13:10:37-0500,b'DATA,681,309,581,572,0,0,242,313,EOD\r\n'
2021-12-07T13:10:47-0500,b'DATA,681,309,581,573,0,0,243,315,EOD\r\n'
2021-12-07T13:10:57-0500,b'DATA,681,308,582,573,0,0,245,317,EOD\r\n'
2021-12-07T13:11:07-0500,b'DATA,681,308,580,573,0,0,245,319,EOD\r\n'
2021-12-07T13:11:17-0500,b'DATA,680,308,581,572,0,0,245,319,EOD\r\n'
2021-12-07T13:11:28-0500,b'DATA,681,308,582,572,0,0,245,318,EOD\r\n'
2021-12-07T13:11:38-0500,b'DATA,680,309,581,572,0,0,241,311,EOD\r\n'
2021-12-07T13:11:48-0500,b'DATA,680,308,580,572,0,0,237,308,EOD\r\n'
2021-12-07T13:11:58-0500,b'DATA,680,309,580,572,0,0,236,308,EOD\r\n'
2021-12-07T13:12:08-0500,b'DATA,679,308,580,571,0,0,236,309,EOD\r\n'
2021-12-07T13:12:18-0500,b'DATA,679,308,581,571,0,0,236,310,EOD\r\n'
2021-12-07T13:12:28-0500,b'DATA,679,309,580,572,0,0,237,312,EOD\r\n'
2021-12-07T13:12:38-0500,b'DATA,679,309,580,572,0,0,237,311,EOD\r\n'
2021-12-07T13:12:48-0500,b'DATA,679,308,580,571,0,0,236,310,EOD\r\n'
2021-12-07T13:12:58-0500,b'DATA,679,308,579,572,0,0,236,309,EOD\r\n'
2021-12-07T13:13:09-0500,b'DATA,679,308,580,571,0,0,236,308,EOD\r\n'
2021-12-07T13:13:19-0500,b'DATA,679,308,580,571,0,0,236,308,EOD\r\n'
2021-12-07T13:13:29-0500,b'DATA,679,309,580,572,0,0,236,308,EOD\r\n'
2021-12-07T13:13:39-0500,b'DATA,679,308,580,572,0,0,236,308,EOD\r\n'
2021-12-07T13:13:49-0500,b'DATA,679,308,580,572,0,0,236,309,EOD\r\n'
2021-12-07T13:13:59-0500,b'DATA,679,308,580,573,0,0,237,311,EOD\r\n'
2021-12-07T13:14:09-0500,b'DATA,679,308,580,571,0,0,238,314,EOD\r\n'
2021-12-07T13:14:19-0500,b'DATA,679,309,581,572,0,0,244,323,EOD\r\n'
2021-12-07T13:14:29-0500,b'DATA,679,309,580,571,0,0,248,325,EOD\r\n'
2021-12-07T13:14:39-0500,b'DATA,679,308,581,571,0,0,247,322,EOD\r\n'
2021-12-07T13:14:49-0500,b'DATA,679,308,582,572,0,0,245,319,EOD\r\n'
2021-12-07T13:15:00-0500,b'DATA,673,307,578,567,0,0,242,313,EOD\r\n'
2021-12-07T13:15:09-0500,b'DATA,671,306,570,564,0,0,238,309,EOD\r\n'
2021-12-07T13:15:19-0500,b'DATA,665,304,562,557,0,0,237,311,EOD\r\n'
2021-12-07T13:15:30-0500,b'DATA,661,303,555,551,0,0,238,315,EOD\r\n'
2021-12-07T13:15:40-0500,b'DATA,660,303,550,546,0,0,245,325,EOD\r\n'
2021-12-07T13:15:50-0500,b'DATA,660,303,551,545,0,0,251,328,EOD\r\n'
2021-12-07T13:16:00-0500,b'DATA,660,303,553,545,0,0,248,323,EOD\r\n'
2021-12-07T13:16:10-0500,b'DATA,657,301,553,544,0,0,241,314,EOD\r\n'
2021-12-07T13:16:20-0500,b'DATA,656,301,551,542,0,0,240,317,EOD\r\n'
2021-12-07T13:16:30-0500,b'DATA,655,301,552,542,0,0,248,330,EOD\r\n'
2021-12-07T13:16:40-0500,b'DATA,655,301,553,542,0,0,251,328,EOD\r\n'
2021-12-07T13:16:50-0500,b'DATA,656,301,554,541,0,0,240,314,EOD\r\n'
2021-12-07T13:17:00-0500,b'DATA,655,301,557,540,0,0,243,322,EOD\r\n'
2021-12-07T13:17:11-0500,b'DATA,655,301,556,541,0,0,252,333,EOD\r\n'
2021-12-07T13:17:21-0500,b'DATA,654,301,555,542,0,0,251,326,EOD\r\n'
2021-12-07T13:17:31-0500,b'DATA,653,300,555,540,0,0,241,315,EOD\r\n'
2021-12-07T13:17:41-0500,b'DATA,652,300,553,540,0,0,243,323,EOD\r\n'
2021-12-07T13:17:51-0500,b'DATA,652,300,554,540,0,0,254,334,EOD\r\n'
2021-12-07T13:18:01-0500,b'DATA,653,300,556,541,0,0,249,325,EOD\r\n'
2021-12-07T13:18:11-0500,b'DATA,654,300,557,542,0,0,241,317,EOD\r\n'
2021-12-07T13:18:21-0500,b'DATA,653,300,558,543,0,0,245,325,EOD\r\n'
2021-12-07T13:18:31-0500,b'DATA,653,300,559,544,0,0,251,327,EOD\r\n'
2021-12-07T13:18:41-0500,b'DATA,653,300,559,545,0,0,240,315,EOD\r\n'
2021-12-07T13:18:52-0500,b'DATA,654,300,561,547,0,0,252,332,EOD\r\n'
2021-12-07T13:19:02-0500,b'DATA,653,300,560,547,0,0,242,315,EOD\r\n'
2021-12-07T13:19:12-0500,b'DATA,654,300,561,548,0,0,248,329,EOD\r\n'
2021-12-07T13:19:22-0500,b'DATA,654,300,562,548,0,0,246,319,EOD\r\n'
2021-12-07T13:19:32-0500,b'DATA,654,300,561,550,0,0,243,322,EOD\r\n'
2021-12-07T13:19:42-0500,b'DATA,654,300,562,550,0,0,251,327,EOD\r\n'
2021-12-07T13:19:52-0500,b'DATA,654,300,562,551,0,0,240,313,EOD\r\n'
2021-12-07T13:20:02-0500,b'DATA,654,301,562,552,0,0,240,317,EOD\r\n'
2021-12-07T13:20:12-0500,b'DATA,654,300,562,554,0,0,245,325,EOD\r\n'
2021-12-07T13:20:22-0500,b'DATA,655,300,562,553,0,0,251,330,EOD\r\n'
2021-12-07T13:20:33-0500,b'DATA,655,301,563,553,0,0,251,327,EOD\r\n'
2021-12-07T13:20:42-0500,b'DATA,655,300,564,554,0,0,249,325,EOD\r\n'
2021-12-07T13:20:53-0500,b'DATA,655,300,562,554,0,0,249,325,EOD\r\n'
2021-12-07T13:21:03-0500,b'DATA,654,300,563,554,0,0,250,326,EOD\r\n'
2021-12-07T13:21:13-0500,b'DATA,655,301,563,556,0,0,249,325,EOD\r\n'
2021-12-07T13:21:23-0500,b'DATA,655,301,564,555,0,0,249,325,EOD\r\n'
2021-12-07T13:21:33-0500,b'DATA,655,300,563,556,0,0,250,325,EOD\r\n'
2021-12-07T13:21:43-0500,b'DATA,655,301,564,556,0,0,249,324,EOD\r\n'
2021-12-07T13:21:53-0500,b'DATA,656,301,564,557,0,0,248,322,EOD\r\n'
2021-12-07T13:22:03-0500,b'DATA,656,300,563,556,0,0,246,320,EOD\r\n'
2021-12-07T13:22:13-0500,b'DATA,655,300,564,557,0,0,244,317,EOD\r\n'
2021-12-07T13:22:23-0500,b'DATA,656,300,565,557,0,0,244,317,EOD\r\n'
2021-12-07T13:22:33-0500,b'DATA,656,300,564,556,0,0,245,318,EOD\r\n'
2021-12-07T13:22:43-0500,b'DATA,656,301,565,558,0,0,246,320,EOD\r\n'
2021-12-07T13:22:54-0500,b'DATA,656,301,565,558,0,0,249,324,EOD\r\n'
2021-12-07T13:23:04-0500,b'DATA,656,301,565,558,0,0,250,328,EOD\r\n'
2021-12-07T13:23:14-0500,b'DATA,656,301,565,558,0,0,250,329,EOD\r\n'
2021-12-07T13:23:24-0500,b'DATA,657,301,564,558,0,0,250,329,EOD\r\n'
2021-12-07T13:23:34-0500,b'DATA,657,301,565,558,0,0,248,329,EOD\r\n'
2021-12-07T13:23:44-0500,b'DATA,656,300,566,558,0,0,247,327,EOD\r\n'
2021-12-07T13:23:54-0500,b'DATA,656,300,565,559,0,0,248,328,EOD\r\n'
2021-12-07T13:24:04-0500,b'DATA,657,301,565,559,0,0,249,328,EOD\r\n'
2021-12-07T13:24:14-0500,b'DATA,657,302,565,557,0,0,250,327,EOD\r\n'
2021-12-07T13:24:24-0500,b'DATA,657,301,566,559,0,0,249,325,EOD\r\n'
2021-12-07T13:24:34-0500,b'DATA,657,301,566,559,0,0,248,322,EOD\r\n'
2021-12-07T13:24:44-0500,b'DATA,657,301,567,559,0,0,244,317,EOD\r\n'
2021-12-07T13:24:55-0500,b'DATA,657,301,566,559,0,0,239,310,EOD\r\n'
2021-12-07T13:25:05-0500,b'DATA,658,301,566,558,0,0,237,311,EOD\r\n'
2021-12-07T13:25:15-0500,b'DATA,657,301,567,560,0,0,240,318,EOD\r\n'
2021-12-07T13:25:25-0500,b'DATA,657,301,566,559,0,0,246,326,EOD\r\n'
2021-12-07T13:25:35-0500,b'DATA,657,301,566,559,0,0,249,326,EOD\r\n'
2021-12-07T13:25:45-0500,b'DATA,657,301,566,560,0,0,247,321,EOD\r\n'
2021-12-07T13:25:55-0500,b'DATA,658,301,566,559,0,0,245,318,EOD\r\n'
2021-12-07T13:26:05-0500,b'DATA,657,301,567,560,0,0,240,311,EOD\r\n'
2021-12-07T13:26:15-0500,b'DATA,658,301,566,560,0,0,236,310,EOD\r\n'
2021-12-07T13:26:25-0500,b'DATA,658,302,566,559,0,0,242,321,EOD\r\n'
2021-12-07T13:26:35-0500,b'DATA,657,301,566,559,0,0,248,323,EOD\r\n'
2021-12-07T13:26:46-0500,b'DATA,658,301,567,560,0,0,239,310,EOD\r\n'
2021-12-07T13:26:55-0500,b'DATA,658,301,567,559,0,0,237,312,EOD\r\n'
2021-12-07T13:27:06-0500,b'DATA,658,302,567,560,0,0,240,318,EOD\r\n'
2021-12-07T13:27:16-0500,b'\x00DATA,657,301,565,559,0,0,247,326,EOD\r\n'
2021-12-07T13:27:26-0500,b'DATA,658,302,566,560,0,0,248,323,EOD\r\n'
2021-12-07T13:27:36-0500,b'DATA,659,301,567,560,0,0,243,315,EOD\r\n'
2021-12-07T13:27:46-0500,b'DATA,658,301,567,559,0,0,241,313,EOD\r\n'
2021-12-07T13:27:56-0500,b'DATA,659,301,567,559,0,0,240,311,EOD\r\n'
2021-12-07T13:28:06-0500,b'DATA,659,301,567,560,0,0,238,309,EOD\r\n'
2021-12-07T13:28:16-0500,b'DATA,659,302,568,559,0,0,238,309,EOD\r\n'
2021-12-07T13:28:26-0500,b'DATA,658,302,568,559,0,0,237,309,EOD\r\n'
2021-12-07T13:28:36-0500,b'DATA,659,301,567,560,0,0,237,308,EOD\r\n'
2021-12-07T13:28:47-0500,b'DATA,659,301,567,559,0,0,236,309,EOD\r\n'
2021-12-07T13:28:57-0500,b'DATA,659,301,566,560,0,0,236,309,EOD\r\n'
2021-12-07T13:29:07-0500,b'DATA,659,301,568,560,0,0,236,309,EOD\r\n'
2021-12-07T13:29:17-0500,b'DATA,658,301,566,558,0,0,236,308,EOD\r\n'
2021-12-07T13:29:27-0500,b'DATA,658,301,565,557,0,0,237,308,EOD\r\n'
2021-12-07T13:29:37-0500,b'DATA,658,301,565,556,0,0,240,311,EOD\r\n'
2021-12-07T13:29:47-0500,b'DATA,658,300,565,557,0,0,243,316,EOD\r\n'
2021-12-07T13:29:57-0500,b'DATA,657,302,565,557,0,0,245,319,EOD\r\n'
2021-12-07T13:30:07-0500,b'DATA,658,301,565,557,0,0,249,324,EOD\r\n'
2021-12-07T13:30:17-0500,b'DATA,658,301,565,558,0,0,247,326,EOD\r\n'
2021-12-07T13:30:27-0500,b'DATA,658,301,566,557,0,0,242,321,EOD\r\n'
2021-12-07T13:30:38-0500,b'DATA,658,301,566,558,0,0,240,318,EOD\r\n'
2021-12-07T13:30:48-0500,b'DATA,658,301,566,557,0,0,241,319,EOD\r\n'
2021-12-07T13:30:58-0500,b'DATA,658,301,566,559,0,0,243,321,EOD\r\n'
2021-12-07T13:31:08-0500,b'DATA,659,301,567,558,0,0,241,320,EOD\r\n'
2021-12-07T13:31:18-0500,b'DATA,659,301,567,558,0,0,239,317,EOD\r\n'
2021-12-07T13:31:28-0500,b'DATA,658,301,565,559,0,0,238,315,EOD\r\n'
2021-12-07T13:31:38-0500,b'DATA,658,301,566,559,0,0,237,313,EOD\r\n'
2021-12-07T13:45:35-0500,b'DATA,653,299,561,555,0,0,238,327,EOD\r\n'
2021-12-07T13:45:38-0500,b'DATA,653,299,560,556,0,0,237,314,EOD\r\n'
2021-12-07T13:45:48-0500,b'DATA,654,300,561,556,0,0,240,319,EOD\r\n'
2021-12-07T13:45:57-0500,b'DATA,654,299,563,556,0,0,245,324,EOD\r\n'
2021-12-07T13:50:26-0500,b'DATA,655,300,563,560,0,0,242,332,EOD\r\n'
2021-12-07T13:50:29-0500,b'DATA,655,300,564,560,0,0,236,311,EOD\r\n'
2021-12-07T13:50:39-0500,b'DATA,655,300,563,559,0,0,238,314,EOD\r\n'
2021-12-07T13:50:49-0500,b'DATA,655,300,564,559,0,0,237,314,EOD\r\n'
2021-12-07T13:50:59-0500,b'DATA,655,300,564,560,0,0,235,310,EOD\r\n'
2021-12-07T13:51:09-0500,b'DATA,655,300,564,559,0,0,235,309,EOD\r\n'
2021-12-07T14:26:12-0500,b'DATA,657,301,563,561,0,0,242,332,0,EOD\r\n'
2021-12-07T14:26:15-0500,b'DATA,657,300,563,561,0,0,236,312,0,EOD\r\n'
2021-12-07T14:26:25-0500,b'DATA,658,300,563,562,0,0,240,319,0,EOD\r\n'
2021-12-07T14:26:35-0500,b'DATA,657,300,563,561,0,0,245,325,0,EOD\r\n'
2021-12-07T14:26:45-0500,b'DATA,658,300,563,560,0,0,248,327,0,EOD\r\n'
2021-12-07T14:26:55-0500,b'DATA,658,300,563,561,0,0,248,327,0,EOD\r\n'
2021-12-07T14:27:06-0500,b'DATA,657,300,563,561,0,0,248,326,0,EOD\r\n'
2021-12-07T14:27:16-0500,b'DATA,658,300,563,561,0,0,248,327,0,EOD\r\n'
2021-12-07T14:27:26-0500,b'DATA,659,301,563,561,0,0,248,326,0,EOD\r\n'
2021-12-07T14:27:36-0500,b'DATA,658,301,563,561,0,0,248,323,0,EOD\r\n'
2021-12-07T14:27:46-0500,b'DATA,658,301,563,561,0,0,245,319,0,EOD\r\n'
2021-12-07T14:27:55-0500,b'DATA,659,301,564,561,0,0,242,314,0,EOD\r\n'
2021-12-07T14:28:06-0500,b'DATA,659,301,564,560,0,0,241,312,0,EOD\r\n'
2021-12-07T14:28:16-0500,b'DATA,658,301,563,562,0,0,244,317,0,EOD\r\n'
2021-12-07T14:28:26-0500,b'\x00DATA,657,300,563,562,0,0,247,321,0,EOD\r\n'
2021-12-07T14:28:36-0500,b'DATA,657,300,563,562,0,0,249,324,0,EOD\r\n'
2021-12-07T14:28:46-0500,b'DATA,662,300,564,561,0,0,249,327,0,EOD\r\n'
2021-12-07T14:28:56-0500,b'DATA,662,300,563,560,0,0,248,326,0,EOD\r\n'
2021-12-07T14:29:06-0500,b'DATA,661,300,563,561,0,0,246,326,0,EOD\r\n'
2021-12-07T14:29:16-0500,b'DATA,661,300,562,559,0,0,243,323,0,EOD\r\n'
2021-12-07T14:29:27-0500,b'DATA,661,300,562,561,0,0,242,321,0,EOD\r\n'
2021-12-07T14:29:37-0500,b'DATA,660,300,562,560,0,0,241,319,0,EOD\r\n'
2021-12-07T14:29:47-0500,b'DATA,660,300,561,558,0,0,239,316,0,EOD\r\n'
2021-12-07T14:29:57-0500,b'DATA,660,300,561,559,0,0,237,313,0,EOD\r\n'
2021-12-07T14:30:07-0500,b'DATA,661,300,562,559,0,0,236,310,0,EOD\r\n'
2021-12-07T14:30:17-0500,b'DATA,660,300,562,558,0,0,237,310,0,EOD\r\n'
2021-12-07T14:30:27-0500,b'DATA,660,300,562,558,0,0,237,310,0,EOD\r\n'
2021-12-07T14:30:37-0500,b'DATA,660,301,561,558,0,0,240,312,0,EOD\r\n'
2021-12-07T14:30:47-0500,b'DATA,660,300,561,558,0,0,243,316,0,EOD\r\n'
2021-12-07T14:30:57-0500,b'DATA,660,300,562,558,0,0,244,317,0,EOD\r\n'
2021-12-07T14:34:25-0500,b'DATA,653,299,561,557,0,0,246,338,0,EOD\r\n'
2021-12-07T14:34:28-0500,b'DATA,653,299,560,558,0,0,243,316,0,EOD\r\n'
2021-12-07T14:34:38-0500,b'DATA,653,299,561,558,0,0,244,318,0,EOD\r\n'
2021-12-07T14:34:48-0500,b'DATA,654,300,561,558,0,0,244,317,0,EOD\r\n'
2021-12-07T14:34:58-0500,b'DATA,653,299,562,560,0,0,243,317,0,EOD\r\n'
2021-12-07T14:35:09-0500,b'DATA,653,299,562,559,0,0,246,320,0,EOD\r\n'
2021-12-07T14:35:18-0500,b'DATA,653,299,562,557,0,0,247,322,0,EOD\r\n'
2021-12-07T14:35:29-0500,b'DATA,654,300,562,558,0,0,247,322,0,EOD\r\n'
2021-12-07T14:35:39-0500,b'DATA,654,299,562,559,0,0,247,322,0,EOD\r\n'
2021-12-07T14:35:49-0500,b'DATA,654,300,562, is: 125\r\n'
2021-12-07T14:46:53-0500,b'DATA,651,300,565,563,0,0,249,331,125,EOD\r\n'
2021-12-07T14:47:06-0500,b'DATA,651,301,567,562,0,0,250,332,125,EOD\r\n'
2021-12-07T14:47:16-0500,b'DATA,651,301,567,562,0,0,249,332,125,EOD\r\n'
2021-12-07T14:54:09-0500,b'Serial Port Value is: 125\r\n'
2021-12-07T14:56:12-0500,b'DATA,664,301,564,563,0,0,258,358,0,EOD\r\n'
2021-12-07T14:56:14-0500,b'Serial Port Value is: 125\r\n'
2021-12-07T14:58:16-0500,b'DATA,664,301,565,563,0,0,239,312,125,EOD\r\n'
2021-12-07T14:58:29-0500,b'DATA,664,301,564,563,0,0,237,314,125,EOD\r\n'
2021-12-07T14:58:39-0500,b'DATA,664,301,564,562,0,0,247,328,125,EOD\r\n'
2021-12-07T15:07:03-0500,b'DATA,660,300,562,560,0,0,241,319,0,EOD\r\n'
2021-12-07T15:07:16-0500,b'DATA,660,300,561,559,0,0,247,328,0,EOD\r\n'
2021-12-07T15:07:26-0500,b'DATA,659,300,562,559,0,0,250,327,0,EOD\r\n'
2021-12-07T15:07:36-0500,b'DATA,660,300,561,558,0,0,239,312,0,EOD\r\n'
2021-12-07T15:07:46-0500,b'DATA,660,300,564,559,0,0,243,323,0,EOD\r\n'
2021-12-07T15:07:56-0500,b'DATA,660,300,562,559,0,0,251,329,0,EOD\r\n'
2021-12-07T15:08:06-0500,b'DATA,660,300,562,558,0,0,246,320,0,EOD\r\n'
2021-12-07T15:08:16-0500,b'DATA,660,300,562,559,0,0,238,311,0,EOD\r\n'
2021-12-07T15:08:26-0500,b'DATA,660,300,562,559,0,0,237,314,0,EOD\r\n'
2021-12-07T15:08:36-0500,b'DATA,660,300,563,559,0,0,241,320,0,EOD\r\n'
2021-12-07T15:09:30-0500,b'DATA,660,301,563,560,0,0,250,327,0,EOD\r\n'
2021-12-07T15:10:57-0500,b'DATA,661,301,563,561,0,0,247,321,0,EOD\r\n'
2021-12-07T15:12:18-0500,b'DATA,661,301,563,562,0,0,243,316,0,EOD\r\n'
2021-12-07T15:12:31-0500,b'DATA,662,301,563,562,0,0,240,312,0,EOD\r\n'
2021-12-07T15:12:41-0500,b'DATA,661,301,564,562,0,0,236,309,0,EOD\r\n'
2021-12-07T15:12:51-0500,b'DATA,661,301,563,562,0,0,236,312,0,EOD\r\n'
2021-12-07T15:13:01-0500,b'DATA,661,300,564,562,0,0,238,315,0,EOD\r\n'
2021-12-07T15:13:11-0500,b'DATA,662,300,563,562,0,0,242,321,0,EOD\r\n'
2021-12-07T15:13:21-0500,b'DATA,661,300,563,563,0,0,249,328,0,EOD\r\n'
2021-12-07T15:13:31-0500,b'DATA,661,301,563,561,0,0,246,320,0,EOD\r\n'
2021-12-07T15:13:42-0500,b'DATA,661,300,563,562,0,0,235,309,0,EOD\r\n'
2021-12-07T15:13:51-0500,b'DATA,661,300,563,562,0,0,243,322,0,EOD\r\n'
2021-12-07T15:14:01-0500,b'\x00DATA,662,300,563,563,0,0,248,324,0,EOD\r\n'
2021-12-07T15:14:11-0500,b'DATA,662,301,563,563,0,0,238,310,0,EOD\r\n'
2021-12-07T15:14:22-0500,b'DATA,660,301,563,562,0,0,240,319,0,EOD\r\n'
2021-12-07T15:14:32-0500,b'DATA,661,301,562,562,0,0,250,328,0,EOD\r\n'
2021-12-07T15:14:42-0500,b'DATA,661,301,562,562,0,0,246,320,0,EOD\r\n'
2021-12-07T15:14:52-0500,b'DATA,662,300,563,562,0,0,240,312,0,EOD\r\n'
2021-12-07T15:15:02-0500,b'DATA,661,300,563,562,0,0,236,310,0,EOD\r\n'
2021-12-07T15:15:12-0500,b'DATA,661,300,563,563,0,0,240,320,0,EOD\r\n'
2021-12-07T15:15:22-0500,b'DATA,662,301,563,561,0,0,246,327,0,EOD\r\n'
2021-12-07T15:15:33-0500,b'DATA,661,300,563,562,0,0,249,328,0,EOD\r\n'
2021-12-07T15:15:43-0500,b'DATA,661,300,563,562,0,0,255,334,0,EOD\r\n'
2021-12-07T15:15:53-0500,b'\x00DATA,661,301,562,562,0,0,249,327,0,EOD\r\n'
2021-12-07T15:16:03-0500,b'DATA,661,301,562,562,0,0,250,328,0,EOD\r\n'
2021-12-07T15:16:13-0500,b'DATA,661,301,563,562,0,0,249,328,0,EOD\r\n'
2021-12-07T15:16:23-0500,b'DATA,662,300,561,563,0,0,248,322,0,EOD\r\n'
2021-12-07T15:16:33-0500,b'DATA,661,301,563,562,0,0,238,310,0,EOD\r\n'
2021-12-07T15:16:43-0500,b'DATA,661,301,563,562,0,0,238,316,0,EOD\r\n'
2021-12-07T15:16:53-0500,b'DATA,661,301,562,563,0,0,247,328,0,EOD\r\n'
2021-12-07T15:17:03-0500,b'DATA,661,301,563,563,0,0,249,327,0,EOD\r\n'
2021-12-07T15:17:13-0500,b'DATA,662,301,563,563,0,0,247,322,0,EOD\r\n'
2021-12-07T15:17:24-0500,b'DATA,661,300,563,562,0,0,243,316,0,EOD\r\n'
2021-12-07T15:17:34-0500,b'DATA,661,301,562,562,0,0,239,312,0,EOD\r\n'
2021-12-07T15:17:44-0500,b'DATA,661,301,563,562,0,0,239,311,0,EOD\r\n'
2021-12-07T15:17:53-0500,b'DATA,661,301,563,563,0,0,240,312,0,EOD\r\n'
2021-12-07T15:18:04-0500,b'DATA,661,301,564,562,0,0,242,315,0,EOD\r\n'
2021-12-07T15:18:14-0500,b'DATA,661,300,563,563,0,0,245,319,0,EOD\r\n'
2021-12-07T15:18:24-0500,b'DATA,662,301,563,562,0,0,247,322,0,EOD\r\n'
2021-12-07T15:18:34-0500,b'DATA,662,301,563,561,0,0,248,324,0,EOD\r\n'
2021-12-07T15:18:44-0500,b'DATA,662,300,563,563,0,0,248,324,0,EOD\r\n'
2021-12-07T15:18:54-0500,b'DATA,661,301,563,564,0,0,249,325,0,EOD\r\n'
2021-12-07T15:19:04-0500,b'DATA,662,301,563,564,0,0,250,328,0,EOD\r\n'
2021-12-07T15:19:14-0500,b'DATA,662,302,563,562,0,0,248,328,0,EOD\r\n'
2021-12-07T15:19:24-0500,b'DATA,662,301,563,563,0,0,248,328,0,EOD\r\n'
2021-12-07T15:19:35-0500,b'DATA,662,301,563,563,0,0,249,328,0,EOD\r\n'
2021-12-07T15:19:45-0500,b'DATA,662,301,563,563,0,0,249,326,0,EOD\r\n'
2021-12-07T15:19:55-0500,b'DATA,662,301,564,562,0,0,247,322,0,EOD\r\n'
2021-12-07T15:20:05-0500,b'DATA,661,301,564,562,0,0,247,321,0,EOD\r\n'
2021-12-07T15:20:15-0500,b'DATA,662,301,564,564,0,0,245,319,0,EOD\r\n'
2021-12-07T15:20:25-0500,b'DATA,661,301,563,563,0,0,244,317,0,EOD\r\n'
2021-12-07T15:20:35-0500,b'DATA,662,301,564,563,0,0,243,315,0,EOD\r\n'
2021-12-07T15:20:45-0500,b'DATA,662,301,564,564,0,0,243,315,0,EOD\r\n'
2021-12-07T15:20:55-0500,b'DATA,662,301,564,563,0,0,244,317,0,EOD\r\n'
2021-12-07T15:21:05-0500,b'DATA,662,301,563,563,0,0,245,319,0,EOD\r\n'
2021-12-07T15:21:48-0500,b'DATA,663,301,564,564,0,0,246,326,0,EOD\r\n'
2021-12-07T15:22:01-0500,b'DATA,663,301,564,564,0,0,241,320,0,EOD\r\n'
2021-12-07T15:22:11-0500,b'DATA,662,301,564,562,0,0,240,319,0,EOD\r\n'
2021-12-07T15:22:21-0500,b'DATA,662,301,564,564,0,0,240,318,0,EOD\r\n'
2021-12-07T15:24:47-0500,b'DATA,662,301,564,562,0,0,244,318,0,EOD\r\n'
2021-12-07T15:25:00-0500,b'DATA,662,302,563,563,0,0,244,317,0,EOD\r\n'
2021-12-07T15:25:10-0500,b'DATA,662,301,564,563,0,0,244,317,0,EOD\r\n'
2021-12-07T15:25:20-0500,b'DATA,662,301,564,564,0,0,244,317,0,EOD\r\n'
2021-12-07T15:25:30-0500,b'DATA,663,301,564,562,0,0,242,314,0,EOD\r\n'
2021-12-07T15:25:40-0500,b'DATA,662,301,565,564,0,0,239,311,0,EOD\r\n'
2021-12-07T15:25:50-0500,b'DATA,663,301,565,564,0,0,236,309,0,EOD\r\n'
2021-12-07T15:26:01-0500,b'DATA,663,301,564,564,0,0,236,309,0,EOD\r\n'
2021-12-07T15:26:11-0500,b'DATA,662,301,563,565,0,0,236,310,0,EOD\r\n'
2021-12-07T15:26:21-0500,b'DATA,662,301,564,565,0,0,236,309,0,EOD\r\n'
2021-12-07T15:26:31-0500,b'DATA,663,301,564,563,0,0,237,310,0,EOD\r\n'
2021-12-07T15:26:41-0500,b'DATA,663,301,564,563,0,0,238,310,0,EOD\r\n'
